0.000	0.0000	0.0000	0.0000
0.025	0.0000	0.0000	0.0000
0.050	-0.0000	-0.0000	-0.0000
0.075	-0.0000	-0.0000	-0.0000
0.100	0.0000	-0.0000	0.0000
0.125	0.0000	-0.0000	0.0000
0.150	0.0000	-0.0000	0.0000
0.175	0.0000	-0.0000	0.0000
0.200	0.0000	-0.0000	0.0001
0.225	0.0001	-0.0000	0.0001
0.250	0.0001	-0.0000	0.0001
0.275	0.0001	-0.0000	0.0001
0.300	0.0001	-0.0000	0.0001
0.325	0.0001	-0.0000	0.0001
0.350	0.0001	-0.0000	0.0001
0.375	0.0001	-0.0000	0.0001
0.400	0.0001	-0.0000	0.0002
0.425	0.0002	-0.0000	0.0002
0.450	0.0002	-0.0000	0.0002
0.475	0.0002	-0.0000	0.0002
0.500	0.0002	-0.0000	0.0002
0.525	0.0002	-0.0000	0.0002
0.550	0.0002	-0.0000	0.0002
0.575	0.0002	-0.0000	0.0002
0.600	0.0002	-0.0000	0.0002
0.625	0.0002	-0.0000	0.0002
0.650	0.0002	-0.0000	0.0002
0.675	0.0002	-0.0000	0.0002
0.700	0.0002	-0.0000	0.0002
0.725	0.0002	-0.0000	0.0002
0.750	0.0002	-0.0000	0.0002
0.775	0.0002	-0.0000	0.0002
0.800	0.0002	-0.0000	0.0002
0.825	0.0002	-0.0000	0.0002
0.850	0.0002	-0.0000	0.0002
0.875	0.0002	-0.0000	0.0002
0.900	0.0002	-0.0000	0.0002
0.925	0.0002	-0.0000	0.0002
0.950	0.0002	-0.0000	0.0002
0.975	0.0002	-0.0000	0.0002
1.000	0.0002	-0.0000	0.0002
1.025	0.0002	-0.0000	0.0002
1.050	0.0002	-0.0000	0.0002
1.075	0.0002	-0.0000	0.0002
1.100	0.0002	-0.0000	0.0002
1.125	0.0002	-0.0000	0.0002
1.150	0.0002	-0.0000	0.0002
1.175	0.0002	-0.0000	0.0002
1.200	0.0002	-0.0000	0.0002
1.225	0.0002	-0.0000	0.0002
1.250	0.0002	-0.0000	0.0002
1.275	0.0002	-0.0000	0.0002
1.300	0.0002	-0.0000	0.0002
1.325	0.0002	-0.0000	0.0002
1.350	0.0002	-0.0000	0.0002
1.375	0.0002	-0.0000	0.0002
1.400	0.0002	-0.0000	0.0002
1.425	0.0002	-0.0000	0.0002
1.450	0.0002	-0.0000	0.0002
1.475	0.0002	-0.0000	0.0002
1.500	0.0002	-0.0000	0.0002
1.525	0.0002	-0.0000	0.0002
1.550	0.0002	-0.0000	0.0002
1.575	0.0001	-0.0000	0.0001
1.600	0.0001	-0.0000	0.0001
1.625	0.0001	-0.0000	0.0001
1.650	0.0001	-0.0000	0.0001
1.675	0.0001	-0.0000	0.0001
1.700	0.0001	-0.0000	0.0001
1.725	0.0001	-0.0000	0.0001
1.750	0.0001	-0.0000	0.0001
1.775	0.0001	-0.0000	0.0001
1.800	0.0001	-0.0000	0.0001
1.825	0.0001	-0.0000	0.0001
1.850	0.0001	-0.0000	0.0001
1.875	0.0001	-0.0000	0.0001
1.900	0.0001	-0.0000	0.0001
1.925	0.0001	-0.0000	0.0001
1.950	0.0001	-0.0000	0.0001
1.975	0.0001	-0.0000	0.0001
2.000	0.0001	-0.0000	0.0001
2.025	0.0000	-0.0000	0.0001
2.050	0.0000	-0.0000	0.0000
2.075	0.0000	-0.0000	0.0000
2.100	0.0000	-0.0000	0.0000
2.125	0.0000	-0.0000	0.0000
2.150	0.0000	-0.0000	0.0000
2.175	0.0000	-0.0000	0.0000
2.200	0.0000	-0.0000	0.0000
2.225	0.0000	-0.0000	0.0000
2.250	-0.0000	-0.0000	-0.0000
2.275	-0.0000	-0.0000	-0.0000
2.300	-0.0000	-0.0000	-0.0000
2.325	-0.0000	-0.0000	-0.0000
2.350	-0.0000	-0.0000	-0.0000
2.375	-0.0000	-0.0000	-0.0000
2.400	-0.0000	-0.0000	-0.0000
2.425	-0.0000	-0.0000	-0.0000
2.450	-0.0000	-0.0000	-0.0000
2.475	-0.0001	-0.0000	-0.0001
2.500	-0.0001	-0.0000	-0.0001
2.525	-0.0001	-0.0000	-0.0001
2.550	-0.0001	-0.0000	-0.0001
2.575	-0.0001	-0.0000	-0.0001
2.600	-0.0001	-0.0000	-0.0001
2.625	-0.0001	-0.0000	-0.0001
2.650	-0.0001	-0.0000	-0.0001
2.675	-0.0001	-0.0000	-0.0001
2.700	-0.0001	-0.0000	-0.0001
2.725	-0.0001	-0.0000	-0.0001
2.750	-0.0001	-0.0000	-0.0001
2.775	-0.0001	-0.0000	-0.0001
2.800	-0.0001	-0.0000	-0.0001
2.825	-0.0001	-0.0000	-0.0001
2.850	-0.0001	-0.0000	-0.0001
2.875	-0.0001	-0.0000	-0.0001
2.900	-0.0001	-0.0000	-0.0001
2.925	-0.0001	-0.0000	-0.0001
2.950	-0.0001	-0.0000	-0.0001
2.975	-0.0002	-0.0000	-0.0002
3.000	-0.0002	-0.0000	-0.0002
3.025	-0.0002	-0.0000	-0.0002
3.050	-0.0002	-0.0000	-0.0002
3.075	-0.0002	-0.0000	-0.0002
3.100	-0.0002	-0.0000	-0.0002
3.125	-0.0002	-0.0000	-0.0002
3.150	-0.0002	-0.0000	-0.0002
3.175	-0.0002	-0.0000	-0.0002
3.200	-0.0002	-0.0000	-0.0002
3.225	-0.0002	-0.0000	-0.0002
3.250	-0.0002	-0.0000	-0.0002
3.275	-0.0002	-0.0000	-0.0002
3.300	-0.0002	-0.0000	-0.0002
3.325	-0.0002	-0.0000	-0.0002
3.350	-0.0002	-0.0000	-0.0002
3.375	-0.0002	-0.0000	-0.0002
3.400	-0.0002	-0.0000	-0.0002
3.425	-0.0002	-0.0000	-0.0002
3.450	-0.0002	-0.0000	-0.0002
3.475	-0.0002	-0.0000	-0.0002
3.500	-0.0002	-0.0000	-0.0002
3.525	-0.0002	-0.0000	-0.0002
3.550	-0.0003	-0.0000	-0.0003
3.575	-0.0003	-0.0000	-0.0003
3.600	-0.0003	-0.0000	-0.0003
3.625	-0.0003	-0.0000	-0.0003
3.650	-0.0003	-0.0000	-0.0003
3.675	-0.0003	-0.0000	-0.0003
3.700	-0.0003	-0.0000	-0.0003
3.725	-0.0003	-0.0000	-0.0003
3.750	-0.0003	-0.0000	-0.0003
3.775	-0.0003	-0.0000	-0.0003
3.800	-0.0003	-0.0000	-0.0003
3.825	-0.0003	-0.0000	-0.0003
3.850	-0.0003	-0.0000	-0.0003
3.875	-0.0003	-0.0000	-0.0003
3.900	-0.0003	-0.0000	-0.0003
3.925	-0.0003	-0.0000	-0.0003
3.950	-0.0003	-0.0000	-0.0003
3.975	-0.0003	-0.0000	-0.0003
4.000	-0.0003	-0.0000	-0.0003
4.025	-0.0003	-0.0000	-0.0003
4.050	-0.0003	-0.0000	-0.0003
4.075	-0.0003	-0.0000	-0.0003
4.100	-0.0003	-0.0000	-0.0003
4.125	-0.0003	-0.0000	-0.0003
4.150	-0.0003	-0.0000	-0.0003
4.175	-0.0003	-0.0000	-0.0003
4.200	-0.0003	-0.0000	-0.0003
4.225	-0.0003	-0.0000	-0.0003
4.250	-0.0003	-0.0000	-0.0003
4.275	-0.0003	-0.0000	-0.0003
4.300	-0.0004	-0.0000	-0.0003
4.325	-0.0004	-0.0000	-0.0004
4.350	-0.0004	-0.0000	-0.0004
4.375	-0.0004	-0.0000	-0.0004
4.400	-0.0004	-0.0000	-0.0004
4.425	-0.0004	-0.0000	-0.0004
4.450	-0.0004	-0.0000	-0.0004
4.475	-0.0004	-0.0000	-0.0004
4.500	-0.0004	-0.0000	-0.0004
4.525	-0.0004	-0.0000	-0.0004
4.550	-0.0004	-0.0000	-0.0004
4.575	-0.0004	-0.0000	-0.0004
4.600	-0.0004	-0.0000	-0.0004
4.625	-0.0004	-0.0000	-0.0004
4.650	-0.0004	-0.0000	-0.0004
4.675	-0.0004	-0.0000	-0.0004
4.700	-0.0004	-0.0000	-0.0004
4.725	-0.0004	-0.0000	-0.0004
4.750	-0.0004	-0.0000	-0.0004
4.775	-0.0004	-0.0000	-0.0004
4.800	-0.0004	-0.0000	-0.0004
4.825	-0.0004	-0.0000	-0.0004
4.850	-0.0004	-0.0000	-0.0004
4.875	-0.0004	-0.0000	-0.0004
4.900	-0.0004	-0.0000	-0.0004
4.925	-0.0004	-0.0000	-0.0004
4.950	-0.0004	-0.0000	-0.0004
4.975	-0.0004	-0.0000	-0.0004
5.000	-0.0004	-0.0000	-0.0004
5.025	-0.0004	-0.0000	-0.0004
5.050	-0.0004	-0.0000	-0.0004
5.075	-0.0004	-0.0000	-0.0004
5.100	-0.0004	-0.0000	-0.0004
5.125	-0.0004	-0.0000	-0.0004
5.150	-0.0004	-0.0000	-0.0004
5.175	-0.0004	-0.0000	-0.0004
5.200	-0.0004	-0.0000	-0.0004
5.225	-0.0004	-0.0000	-0.0004
5.250	-0.0004	-0.0000	-0.0004
5.275	-0.0004	-0.0000	-0.0004
5.300	-0.0004	-0.0000	-0.0004
5.325	-0.0004	-0.0000	-0.0004
5.350	-0.0004	-0.0000	-0.0004
5.375	-0.0004	-0.0000	-0.0004
5.400	-0.0004	-0.0000	-0.0004
5.425	-0.0004	-0.0000	-0.0004
5.450	-0.0004	-0.0000	-0.0004
5.475	-0.0004	-0.0000	-0.0004
5.500	-0.0004	-0.0000	-0.0004
5.525	-0.0004	-0.0000	-0.0004
5.550	-0.0004	-0.0000	-0.0004
5.575	-0.0005	-0.0000	-0.0005
5.600	-0.0005	-0.0000	-0.0005
5.625	-0.0005	-0.0000	-0.0005
5.650	-0.0005	-0.0000	-0.0005
5.675	-0.0005	-0.0000	-0.0005
5.700	-0.0005	-0.0000	-0.0005
5.725	-0.0005	-0.0000	-0.0005
5.750	-0.0005	-0.0000	-0.0005
5.775	-0.0005	-0.0000	-0.0005
5.800	-0.0005	-0.0000	-0.0005
5.825	-0.0005	-0.0000	-0.0005
5.850	-0.0005	-0.0000	-0.0005
5.875	-0.0005	-0.0000	-0.0005
5.900	-0.0005	-0.0000	-0.0005
5.925	-0.0005	-0.0000	-0.0005
5.950	-0.0005	-0.0000	-0.0005
5.975	-0.0005	-0.0000	-0.0005
6.000	-0.0005	-0.0000	-0.0005
6.025	-0.0005	-0.0000	-0.0005
6.050	-0.0005	-0.0000	-0.0005
6.075	-0.0005	-0.0000	-0.0005
6.100	-0.0005	-0.0000	-0.0005
6.125	-0.0005	-0.0000	-0.0005
6.150	-0.0005	-0.0000	-0.0005
6.175	-0.0005	-0.0000	-0.0005
6.200	-0.0005	-0.0000	-0.0005
6.225	-0.0005	-0.0000	-0.0005
6.250	-0.0005	-0.0000	-0.0005
6.275	-0.0005	-0.0000	-0.0005
6.300	-0.0005	-0.0000	-0.0005
6.325	-0.0005	-0.0000	-0.0005
6.350	-0.0005	-0.0000	-0.0005
6.375	-0.0005	-0.0000	-0.0005
6.400	-0.0005	-0.0000	-0.0005
6.425	-0.0005	-0.0000	-0.0005
6.450	-0.0005	-0.0000	-0.0005
6.475	-0.0005	-0.0000	-0.0005
6.500	-0.0005	-0.0000	-0.0005
6.525	-0.0005	-0.0000	-0.0005
6.550	-0.0005	-0.0000	-0.0005
6.575	-0.0005	-0.0000	-0.0005
6.600	-0.0005	-0.0000	-0.0005
6.625	-0.0005	-0.0000	-0.0005
6.650	-0.0005	-0.0000	-0.0005
6.675	-0.0005	-0.0000	-0.0005
6.700	-0.0005	-0.0000	-0.0005
6.725	-0.0005	-0.0000	-0.0005
6.750	-0.0005	-0.0000	-0.0005
6.775	-0.0005	-0.0000	-0.0005
6.800	-0.0005	-0.0000	-0.0005
6.825	-0.0005	-0.0000	-0.0005
6.850	-0.0005	-0.0000	-0.0005
6.875	-0.0005	-0.0000	-0.0005
6.900	-0.0005	-0.0000	-0.0005
6.925	-0.0005	-0.0000	-0.0005
6.950	-0.0005	-0.0000	-0.0005
6.975	-0.0005	-0.0000	-0.0005
7.000	-0.0005	-0.0000	-0.0005
7.025	-0.0005	-0.0000	-0.0005
7.050	-0.0005	-0.0000	-0.0005
7.075	-0.0005	-0.0000	-0.0005
7.100	-0.0005	-0.0000	-0.0005
7.125	-0.0005	-0.0000	-0.0005
7.150	-0.0005	-0.0000	-0.0005
7.175	-0.0005	-0.0000	-0.0005
7.200	-0.0005	-0.0000	-0.0005
7.225	-0.0005	-0.0000	-0.0005
7.250	-0.0005	-0.0000	-0.0005
7.275	-0.0005	-0.0000	-0.0005
7.300	-0.0005	-0.0000	-0.0005
7.325	-0.0005	-0.0000	-0.0005
7.350	-0.0005	-0.0000	-0.0005
7.375	-0.0005	-0.0000	-0.0005
7.400	-0.0005	-0.0000	-0.0005
7.425	-0.0005	-0.0000	-0.0005
7.450	-0.0005	-0.0000	-0.0005
7.475	-0.0005	-0.0000	-0.0005
7.500	-0.0005	-0.0000	-0.0005
7.525	-0.0005	-0.0000	-0.0005
7.550	-0.0005	0.0000	-0.0005
7.575	-0.0005	0.0000	-0.0005
7.600	-0.0005	0.0000	-0.0005
7.625	-0.0005	0.0000	-0.0005
7.650	-0.0005	0.0000	-0.0005
7.675	-0.0004	0.0000	-0.0004
7.700	-0.0004	0.0000	-0.0004
7.725	-0.0004	0.0000	-0.0004
7.750	-0.0004	0.0000	-0.0004
7.775	-0.0004	0.0000	-0.0004
7.800	-0.0004	0.0000	-0.0004
7.825	-0.0003	0.0000	-0.0004
7.850	-0.0003	0.0000	-0.0003
7.875	-0.0003	0.0000	-0.0003
7.900	-0.0003	0.0000	-0.0003
7.925	-0.0003	0.0000	-0.0003
7.950	-0.0002	0.0000	-0.0003
7.975	-0.0002	0.0001	-0.0003
8.000	-0.0002	0.0001	-0.0002
8.025	-0.0002	0.0001	-0.0002
8.050	-0.0001	0.0001	-0.0002
8.075	-0.0001	0.0001	-0.0002
8.100	-0.0001	0.0001	-0.0002
8.125	-0.0001	0.0001	-0.0001
8.150	-0.0000	0.0001	-0.0001
8.175	-0.0000	0.0001	-0.0001
8.200	0.0000	0.0001	-0.0001
8.225	0.0000	0.0001	-0.0001
8.250	0.0001	0.0001	-0.0000
8.275	0.0001	0.0001	-0.0000
8.300	0.0001	0.0001	-0.0000
8.325	0.0001	0.0001	0.0000
8.350	0.0002	0.0001	0.0000
8.375	0.0002	0.0001	0.0000
8.400	0.0002	0.0002	0.0001
8.425	0.0002	0.0002	0.0001
8.450	0.0003	0.0002	0.0001
8.475	0.0003	0.0002	0.0001
8.500	0.0003	0.0002	0.0001
8.525	0.0003	0.0002	0.0002
8.550	0.0004	0.0002	0.0002
8.575	0.0004	0.0002	0.0002
8.600	0.0004	0.0002	0.0002
8.625	0.0004	0.0002	0.0002
8.650	0.0005	0.0002	0.0002
8.675	0.0005	0.0002	0.0003
8.700	0.0005	0.0002	0.0003
8.725	0.0005	0.0002	0.0003
8.750	0.0006	0.0002	0.0003
8.775	0.0006	0.0003	0.0003
8.800	0.0006	0.0003	0.0003
8.825	0.0006	0.0003	0.0004
8.850	0.0006	0.0003	0.0004
8.875	0.0007	0.0003	0.0004
8.900	0.0007	0.0003	0.0004
8.925	0.0007	0.0003	0.0004
8.950	0.0007	0.0003	0.0004
8.975	0.0007	0.0003	0.0004
9.000	0.0008	0.0003	0.0005
9.025	0.0008	0.0003	0.0005
9.050	0.0008	0.0003	0.0005
9.075	0.0008	0.0003	0.0005
9.100	0.0008	0.0003	0.0005
9.125	0.0009	0.0003	0.0005
9.150	0.0009	0.0003	0.0005
9.175	0.0009	0.0003	0.0006
9.200	0.0009	0.0003	0.0006
9.225	0.0009	0.0004	0.0006
9.250	0.0009	0.0004	0.0006
9.275	0.0010	0.0004	0.0006
9.300	0.0010	0.0004	0.0006
9.325	0.0010	0.0004	0.0006
9.350	0.0010	0.0004	0.0006
9.375	0.0010	0.0004	0.0006
9.400	0.0010	0.0004	0.0007
9.425	0.0011	0.0004	0.0007
9.450	0.0011	0.0004	0.0007
9.475	0.0011	0.0004	0.0007
9.500	0.0011	0.0004	0.0007
9.525	0.0011	0.0004	0.0007
9.550	0.0011	0.0004	0.0007
9.575	0.0011	0.0004	0.0007
9.600	0.0012	0.0004	0.0007
9.625	0.0012	0.0004	0.0007
9.650	0.0012	0.0004	0.0007
9.675	0.0012	0.0004	0.0008
9.700	0.0012	0.0004	0.0008
9.725	0.0012	0.0004	0.0008
9.750	0.0012	0.0004	0.0008
9.775	0.0012	0.0005	0.0008
9.800	0.0013	0.0005	0.0008
9.825	0.0013	0.0005	0.0008
9.850	0.0013	0.0005	0.0008
9.875	0.0013	0.0005	0.0008
9.900	0.0013	0.0005	0.0008
9.925	0.0013	0.0005	0.0008
9.950	0.0013	0.0005	0.0008
9.975	0.0013	0.0005	0.0008
10.000	0.0013	0.0005	0.0009
10.025	0.0013	0.0005	0.0009
10.050	0.0014	0.0005	0.0009
10.075	0.0014	0.0005	0.0009
10.100	0.0014	0.0005	0.0009
10.125	0.0014	0.0005	0.0009
10.150	0.0014	0.0005	0.0009
10.175	0.0014	0.0005	0.0009
10.200	0.0014	0.0005	0.0009
10.225	0.0014	0.0005	0.0009
10.250	0.0014	0.0005	0.0009
10.275	0.0014	0.0005	0.0009
10.300	0.0014	0.0005	0.0009
10.325	0.0014	0.0005	0.0009
10.350	0.0015	0.0005	0.0009
10.375	0.0015	0.0005	0.0009
10.400	0.0015	0.0005	0.0009
10.425	0.0015	0.0005	0.0009
10.450	0.0015	0.0005	0.0010
10.475	0.0015	0.0005	0.0010
10.500	0.0015	0.0005	0.0010
10.525	0.0015	0.0005	0.0010
10.550	0.0015	0.0005	0.0010
10.575	0.0015	0.0005	0.0010
10.600	0.0015	0.0005	0.0010
10.625	0.0015	0.0005	0.0010
10.650	0.0015	0.0005	0.0010
10.675	0.0015	0.0005	0.0010
10.700	0.0015	0.0005	0.0010
10.725	0.0015	0.0005	0.0010
10.750	0.0015	0.0006	0.0010
10.775	0.0016	0.0006	0.0010
10.800	0.0016	0.0006	0.0010
10.825	0.0016	0.0006	0.0010
10.850	0.0016	0.0006	0.0010
10.875	0.0016	0.0006	0.0010
10.900	0.0016	0.0006	0.0010
10.925	0.0016	0.0006	0.0010
10.950	0.0016	0.0006	0.0010
10.975	0.0016	0.0006	0.0010
11.000	0.0016	0.0006	0.0010
11.025	0.0016	0.0006	0.0010
11.050	0.0016	0.0006	0.0010
11.075	0.0016	0.0006	0.0010
11.100	0.0016	0.0006	0.0010
11.125	0.0016	0.0006	0.0010
11.150	0.0016	0.0006	0.0010
11.175	0.0016	0.0006	0.0010
11.200	0.0016	0.0006	0.0010
11.225	0.0016	0.0006	0.0010
11.250	0.0016	0.0006	0.0010
11.275	0.0016	0.0006	0.0010
11.300	0.0016	0.0006	0.0010
11.325	0.0016	0.0006	0.0010
11.350	0.0016	0.0006	0.0010
11.375	0.0016	0.0006	0.0010
11.400	0.0016	0.0006	0.0011
11.425	0.0016	0.0006	0.0011
11.450	0.0016	0.0006	0.0011
11.475	0.0016	0.0006	0.0011
11.500	0.0016	0.0006	0.0011
11.525	0.0016	0.0006	0.0011
11.550	0.0016	0.0006	0.0011
11.575	0.0016	0.0006	0.0011
11.600	0.0016	0.0006	0.0011
11.625	0.0016	0.0006	0.0011
11.650	0.0016	0.0006	0.0011
11.675	0.0016	0.0006	0.0011
11.700	0.0016	0.0006	0.0011
11.725	0.0016	0.0006	0.0011
11.750	0.0016	0.0006	0.0011
11.775	0.0016	0.0006	0.0011
11.800	0.0016	0.0006	0.0011
11.825	0.0016	0.0006	0.0011
11.850	0.0016	0.0006	0.0011
11.875	0.0016	0.0006	0.0011
11.900	0.0016	0.0006	0.0011
11.925	0.0016	0.0006	0.0011
11.950	0.0016	0.0006	0.0011
11.975	0.0016	0.0006	0.0011
12.000	0.0016	0.0006	0.0011
12.025	0.0016	0.0006	0.0011
12.050	0.0016	0.0006	0.0011
12.075	0.0016	0.0006	0.0011
12.100	0.0016	0.0006	0.0011
12.125	0.0016	0.0006	0.0011
12.150	0.0016	0.0006	0.0011
12.175	0.0016	0.0006	0.0011
12.200	0.0016	0.0006	0.0011
12.225	0.0016	0.0006	0.0011
12.250	0.0016	0.0006	0.0011
12.275	0.0016	0.0006	0.0011
12.300	0.0016	0.0006	0.0011
12.325	0.0016	0.0006	0.0011
12.350	0.0016	0.0006	0.0011
12.375	0.0016	0.0006	0.0011
12.400	0.0016	0.0006	0.0011
12.425	0.0016	0.0006	0.0011
12.450	0.0016	0.0006	0.0011
12.475	0.0016	0.0006	0.0011
12.500	0.0016	0.0006	0.0011
12.525	0.0016	0.0006	0.0011
12.550	0.0016	0.0006	0.0011
12.575	0.0016	0.0006	0.0011
12.600	0.0016	0.0006	0.0011
12.625	0.0016	0.0006	0.0011
12.650	0.0016	0.0006	0.0011
12.675	0.0016	0.0006	0.0011
12.700	0.0016	0.0006	0.0011
12.725	0.0016	0.0006	0.0011
12.750	0.0016	0.0006	0.0011
12.775	0.0016	0.0006	0.0011
12.800	0.0016	0.0006	0.0011
12.825	0.0016	0.0006	0.0011
12.850	0.0016	0.0006	0.0011
12.875	0.0016	0.0006	0.0011
12.900	0.0016	0.0006	0.0010
12.925	0.0016	0.0006	0.0010
12.950	0.0016	0.0006	0.0010
12.975	0.0016	0.0006	0.0010
13.000	0.0016	0.0006	0.0010
13.025	0.0016	0.0006	0.0010
13.050	0.0016	0.0006	0.0010
13.075	0.0016	0.0006	0.0010
13.100	0.0016	0.0006	0.0010
13.125	0.0016	0.0006	0.0010
13.150	0.0016	0.0006	0.0010
13.175	0.0016	0.0006	0.0010
13.200	0.0016	0.0006	0.0010
13.225	0.0016	0.0005	0.0010
13.250	0.0016	0.0005	0.0010
13.275	0.0016	0.0005	0.0010
13.300	0.0016	0.0005	0.0010
13.325	0.0016	0.0005	0.0010
13.350	0.0016	0.0005	0.0010
13.375	0.0016	0.0005	0.0010
13.400	0.0016	0.0005	0.0010
13.425	0.0016	0.0005	0.0010
13.450	0.0016	0.0005	0.0010
13.475	0.0016	0.0005	0.0010
13.500	0.0016	0.0005	0.0010
13.525	0.0016	0.0005	0.0010
13.550	0.0016	0.0005	0.0010
13.575	0.0016	0.0005	0.0010
13.600	0.0015	0.0005	0.0010
13.625	0.0015	0.0005	0.0010
13.650	0.0015	0.0005	0.0010
13.675	0.0015	0.0005	0.0010
13.700	0.0015	0.0005	0.0010
13.725	0.0015	0.0005	0.0010
13.750	0.0015	0.0005	0.0010
13.775	0.0015	0.0005	0.0010
13.800	0.0015	0.0005	0.0010
13.825	0.0015	0.0005	0.0010
13.850	0.0015	0.0005	0.0010
13.875	0.0015	0.0005	0.0010
13.900	0.0015	0.0005	0.0010
13.925	0.0015	0.0005	0.0010
13.950	0.0015	0.0005	0.0010
13.975	0.0015	0.0005	0.0010
14.000	0.0015	0.0005	0.0010
14.025	0.0015	0.0005	0.0010
14.050	0.0015	0.0005	0.0010
14.075	0.0015	0.0005	0.0010
14.100	0.0015	0.0005	0.0010
14.125	0.0015	0.0005	0.0010
14.150	0.0015	0.0005	0.0010
14.175	0.0015	0.0005	0.0010
14.200	0.0015	0.0005	0.0010
14.225	0.0015	0.0005	0.0010
14.250	0.0015	0.0005	0.0010
14.275	0.0015	0.0005	0.0010
14.300	0.0015	0.0005	0.0010
14.325	0.0015	0.0005	0.0010
14.350	0.0015	0.0005	0.0010
14.375	0.0015	0.0005	0.0010
14.400	0.0015	0.0005	0.0010
14.425	0.0015	0.0005	0.0010
14.450	0.0015	0.0005	0.0010
14.475	0.0015	0.0005	0.0010
14.500	0.0014	0.0005	0.0010
14.525	0.0014	0.0005	0.0010
14.550	0.0014	0.0005	0.0010
14.575	0.0014	0.0005	0.0010
14.600	0.0014	0.0005	0.0010
14.625	0.0014	0.0005	0.0010
14.650	0.0014	0.0005	0.0009
14.675	0.0014	0.0005	0.0009
14.700	0.0014	0.0005	0.0009
14.725	0.0014	0.0005	0.0009
14.750	0.0014	0.0005	0.0009
14.775	0.0014	0.0005	0.0009
14.800	0.0014	0.0005	0.0009
14.825	0.0014	0.0005	0.0009
14.850	0.0014	0.0005	0.0009
14.875	0.0014	0.0005	0.0009
14.900	0.0014	0.0005	0.0009
14.925	0.0014	0.0005	0.0009
14.950	0.0014	0.0005	0.0009
14.975	0.0014	0.0005	0.0009
15.000	0.0014	0.0005	0.0009
15.025	0.0014	0.0005	0.0009
15.050	0.0014	0.0005	0.0009
15.075	0.0014	0.0005	0.0009
15.100	0.0014	0.0005	0.0009
15.125	0.0014	0.0005	0.0009
15.150	0.0014	0.0005	0.0009
15.175	0.0014	0.0005	0.0009
15.200	0.0014	0.0005	0.0009
15.225	0.0014	0.0004	0.0009
15.250	0.0014	0.0004	0.0009
15.275	0.0014	0.0004	0.0009
15.300	0.0013	0.0004	0.0009
15.325	0.0013	0.0004	0.0009
15.350	0.0013	0.0004	0.0009
15.375	0.0013	0.0004	0.0009
15.400	0.0013	0.0004	0.0009
15.425	0.0013	0.0004	0.0009
15.450	0.0013	0.0004	0.0009
15.475	0.0013	0.0004	0.0009
15.500	0.0013	0.0004	0.0009
15.525	0.0013	0.0004	0.0009
15.550	0.0013	0.0004	0.0009
15.575	0.0013	0.0004	0.0009
15.600	0.0013	0.0004	0.0009
15.625	0.0013	0.0004	0.0009
15.650	0.0013	0.0004	0.0009
15.675	0.0013	0.0004	0.0009
15.700	0.0013	0.0004	0.0009
15.725	0.0013	0.0004	0.0009
15.750	0.0013	0.0004	0.0009
15.775	0.0013	0.0004	0.0009
15.800	0.0013	0.0004	0.0009
15.825	0.0013	0.0004	0.0009
15.850	0.0013	0.0004	0.0009
15.875	0.0013	0.0004	0.0009
15.900	0.0013	0.0004	0.0009
15.925	0.0013	0.0004	0.0009
15.950	0.0013	0.0004	0.0009
15.975	0.0013	0.0004	0.0009
16.000	0.0013	0.0004	0.0009
16.025	0.0013	0.0004	0.0009
16.050	0.0013	0.0004	0.0008
16.075	0.0012	0.0004	0.0008
16.100	0.0012	0.0004	0.0008
16.125	0.0012	0.0004	0.0008
16.150	0.0012	0.0004	0.0008
16.175	0.0012	0.0004	0.0008
16.200	0.0012	0.0004	0.0008
16.225	0.0012	0.0004	0.0008
16.250	0.0012	0.0004	0.0008
16.275	0.0012	0.0004	0.0008
16.300	0.0012	0.0004	0.0008
16.325	0.0012	0.0004	0.0008
16.350	0.0012	0.0004	0.0008
16.375	0.0012	0.0004	0.0008
16.400	0.0012	0.0004	0.0008
16.425	0.0012	0.0004	0.0008
16.450	0.0012	0.0004	0.0008
16.475	0.0012	0.0004	0.0008
16.500	0.0012	0.0004	0.0008
16.525	0.0012	0.0004	0.0008
16.550	0.0012	0.0004	0.0008
16.575	0.0012	0.0004	0.0008
16.600	0.0012	0.0004	0.0008
16.625	0.0012	0.0004	0.0008
16.650	0.0012	0.0004	0.0008
16.675	0.0012	0.0004	0.0008
16.700	0.0012	0.0004	0.0008
16.725	0.0012	0.0004	0.0008
16.750	0.0012	0.0004	0.0008
16.775	0.0012	0.0004	0.0008
16.800	0.0012	0.0004	0.0008
16.825	0.0012	0.0004	0.0008
16.850	0.0012	0.0004	0.0008
16.875	0.0012	0.0004	0.0008
16.900	0.0011	0.0004	0.0008
16.925	0.0011	0.0004	0.0008
16.950	0.0011	0.0004	0.0008
16.975	0.0011	0.0004	0.0008
17.000	0.0011	0.0004	0.0008
17.025	0.0011	0.0004	0.0008
17.050	0.0011	0.0003	0.0008
17.075	0.0011	0.0003	0.0008
17.100	0.0011	0.0003	0.0008
17.125	0.0011	0.0003	0.0008
17.150	0.0011	0.0003	0.0008
17.175	0.0011	0.0003	0.0008
17.200	0.0011	0.0003	0.0008
17.225	0.0011	0.0003	0.0008
17.250	0.0011	0.0003	0.0008
17.275	0.0011	0.0003	0.0008
17.300	0.0011	0.0003	0.0008
17.325	0.0011	0.0003	0.0008
17.350	0.0011	0.0003	0.0008
17.375	0.0011	0.0003	0.0008
17.400	0.0011	0.0003	0.0008
17.425	0.0011	0.0003	0.0008
17.450	0.0011	0.0003	0.0008
17.475	0.0011	0.0003	0.0008
17.500	0.0011	0.0003	0.0008
17.525	0.0011	0.0003	0.0008
17.550	0.0011	0.0003	0.0008
17.575	0.0011	0.0003	0.0008
17.600	0.0011	0.0003	0.0008
17.625	0.0011	0.0003	0.0008
17.650	0.0011	0.0003	0.0008
17.675	0.0011	0.0003	0.0008
17.700	0.0011	0.0003	0.0008
17.725	0.0011	0.0003	0.0008
17.750	0.0012	0.0003	0.0008
17.775	0.0012	0.0003	0.0008
17.800	0.0012	0.0003	0.0009
17.825	0.0012	0.0003	0.0009
17.850	0.0012	0.0003	0.0009
17.875	0.0012	0.0003	0.0009
17.900	0.0013	0.0003	0.0009
17.925	0.0013	0.0003	0.0009
17.950	0.0013	0.0003	0.0009
17.975	0.0013	0.0004	0.0010
18.000	0.0013	0.0004	0.0010
18.025	0.0014	0.0004	0.0010
18.050	0.0014	0.0004	0.0010
18.075	0.0014	0.0004	0.0010
18.100	0.0014	0.0004	0.0011
18.125	0.0014	0.0004	0.0011
18.150	0.0015	0.0004	0.0011
18.175	0.0015	0.0004	0.0011
18.200	0.0015	0.0004	0.0011
18.225	0.0015	0.0004	0.0011
18.250	0.0016	0.0004	0.0012
18.275	0.0016	0.0004	0.0012
18.300	0.0016	0.0004	0.0012
18.325	0.0016	0.0004	0.0012
18.350	0.0016	0.0004	0.0012
18.375	0.0017	0.0004	0.0012
18.400	0.0017	0.0004	0.0013
18.425	0.0017	0.0004	0.0013
18.450	0.0017	0.0004	0.0013
18.475	0.0018	0.0005	0.0013
18.500	0.0018	0.0005	0.0013
18.525	0.0018	0.0005	0.0013
18.550	0.0018	0.0005	0.0014
18.575	0.0018	0.0005	0.0014
18.600	0.0019	0.0005	0.0014
18.625	0.0019	0.0005	0.0014
18.650	0.0019	0.0005	0.0014
18.675	0.0019	0.0005	0.0014
18.700	0.0019	0.0005	0.0014
18.725	0.0020	0.0005	0.0015
18.750	0.0020	0.0005	0.0015
18.775	0.0020	0.0005	0.0015
18.800	0.0020	0.0005	0.0015
18.825	0.0020	0.0005	0.0015
18.850	0.0021	0.0005	0.0015
18.875	0.0021	0.0005	0.0015
18.900	0.0021	0.0005	0.0016
18.925	0.0021	0.0005	0.0016
18.950	0.0021	0.0005	0.0016
18.975	0.0021	0.0006	0.0016
19.000	0.0022	0.0006	0.0016
19.025	0.0022	0.0006	0.0016
19.050	0.0022	0.0006	0.0016
19.075	0.0022	0.0006	0.0016
19.100	0.0022	0.0006	0.0017
19.125	0.0022	0.0006	0.0017
19.150	0.0023	0.0006	0.0017
19.175	0.0023	0.0006	0.0017
19.200	0.0023	0.0006	0.0017
19.225	0.0023	0.0006	0.0017
19.250	0.0023	0.0006	0.0017
19.275	0.0023	0.0006	0.0017
19.300	0.0023	0.0006	0.0017
19.325	0.0024	0.0006	0.0017
19.350	0.0024	0.0006	0.0018
19.375	0.0024	0.0006	0.0018
19.400	0.0024	0.0006	0.0018
19.425	0.0024	0.0006	0.0018
19.450	0.0024	0.0006	0.0018
19.475	0.0024	0.0006	0.0018
19.500	0.0024	0.0006	0.0018
19.525	0.0025	0.0006	0.0018
19.550	0.0025	0.0006	0.0018
19.575	0.0025	0.0006	0.0018
19.600	0.0025	0.0006	0.0018
19.625	0.0025	0.0007	0.0018
19.650	0.0025	0.0007	0.0019
19.675	0.0025	0.0007	0.0019
19.700	0.0025	0.0007	0.0019
19.725	0.0025	0.0007	0.0019
19.750	0.0025	0.0007	0.0019
19.775	0.0026	0.0007	0.0019
19.800	0.0026	0.0007	0.0019
19.825	0.0026	0.0007	0.0019
19.850	0.0026	0.0007	0.0019
19.875	0.0026	0.0007	0.0019
19.900	0.0026	0.0007	0.0019
19.925	0.0026	0.0007	0.0019
19.950	0.0026	0.0007	0.0019
19.975	0.0026	0.0007	0.0019
20.000	0.0026	0.0007	0.0019
20.025	0.0026	0.0007	0.0019
20.050	0.0026	0.0007	0.0019
20.075	0.0026	0.0007	0.0019
20.100	0.0027	0.0007	0.0020
20.125	0.0027	0.0007	0.0020
20.150	0.0027	0.0007	0.0020
20.175	0.0027	0.0007	0.0020
20.200	0.0027	0.0007	0.0020
20.225	0.0027	0.0007	0.0020
20.250	0.0027	0.0007	0.0020
20.275	0.0027	0.0007	0.0020
20.300	0.0027	0.0007	0.0020
20.325	0.0027	0.0007	0.0020
20.350	0.0027	0.0007	0.0020
20.375	0.0027	0.0007	0.0020
20.400	0.0027	0.0007	0.0020
20.425	0.0027	0.0007	0.0020
20.450	0.0027	0.0007	0.0020
20.475	0.0027	0.0007	0.0020
20.500	0.0027	0.0007	0.0020
20.525	0.0027	0.0007	0.0020
20.550	0.0027	0.0007	0.0020
20.575	0.0027	0.0007	0.0020
20.600	0.0027	0.0007	0.0020
20.625	0.0027	0.0007	0.0020
20.650	0.0027	0.0007	0.0020
20.675	0.0027	0.0007	0.0020
20.700	0.0028	0.0007	0.0020
20.725	0.0028	0.0007	0.0020
20.750	0.0028	0.0007	0.0020
20.775	0.0028	0.0007	0.0020
20.800	0.0028	0.0007	0.0020
20.825	0.0028	0.0007	0.0020
20.850	0.0028	0.0007	0.0020
20.875	0.0028	0.0007	0.0020
20.900	0.0028	0.0007	0.0020
20.925	0.0028	0.0007	0.0020
20.950	0.0028	0.0007	0.0020
20.975	0.0028	0.0007	0.0020
21.000	0.0028	0.0007	0.0020
21.025	0.0028	0.0007	0.0020
21.050	0.0028	0.0007	0.0020
21.075	0.0028	0.0007	0.0020
21.100	0.0028	0.0007	0.0020
21.125	0.0028	0.0007	0.0020
21.150	0.0028	0.0007	0.0020
21.175	0.0028	0.0007	0.0020
21.200	0.0028	0.0007	0.0020
21.225	0.0028	0.0007	0.0020
21.250	0.0028	0.0007	0.0020
21.275	0.0028	0.0007	0.0020
21.300	0.0028	0.0007	0.0020
21.325	0.0028	0.0007	0.0020
21.350	0.0028	0.0007	0.0020
21.375	0.0028	0.0007	0.0020
21.400	0.0028	0.0007	0.0020
21.425	0.0028	0.0007	0.0020
21.450	0.0028	0.0007	0.0020
21.475	0.0028	0.0007	0.0020
21.500	0.0028	0.0007	0.0020
21.525	0.0028	0.0007	0.0020
21.550	0.0028	0.0007	0.0020
21.575	0.0028	0.0007	0.0020
21.600	0.0028	0.0007	0.0020
21.625	0.0028	0.0007	0.0020
21.650	0.0028	0.0007	0.0020
21.675	0.0028	0.0007	0.0020
21.700	0.0028	0.0007	0.0020
21.725	0.0028	0.0007	0.0020
21.750	0.0028	0.0007	0.0020
21.775	0.0028	0.0007	0.0020
21.800	0.0028	0.0007	0.0020
21.825	0.0028	0.0007	0.0020
21.850	0.0028	0.0007	0.0020
21.875	0.0027	0.0007	0.0020
21.900	0.0027	0.0007	0.0020
21.925	0.0027	0.0007	0.0020
21.950	0.0027	0.0007	0.0020
21.975	0.0027	0.0007	0.0020
22.000	0.0027	0.0007	0.0020
22.025	0.0027	0.0007	0.0020
22.050	0.0027	0.0007	0.0020
22.075	0.0027	0.0007	0.0020
22.100	0.0027	0.0007	0.0020
22.125	0.0027	0.0007	0.0020
22.150	0.0027	0.0007	0.0020
22.175	0.0027	0.0007	0.0020
22.200	0.0027	0.0007	0.0020
22.225	0.0027	0.0007	0.0020
22.250	0.0027	0.0007	0.0020
22.275	0.0027	0.0007	0.0020
22.300	0.0027	0.0007	0.0020
22.325	0.0027	0.0007	0.0020
22.350	0.0027	0.0007	0.0020
22.375	0.0027	0.0007	0.0020
22.400	0.0027	0.0007	0.0020
22.425	0.0027	0.0007	0.0020
22.450	0.0027	0.0007	0.0020
22.475	0.0027	0.0007	0.0020
22.500	0.0027	0.0007	0.0020
22.525	0.0027	0.0007	0.0020
22.550	0.0027	0.0007	0.0020
22.575	0.0027	0.0007	0.0020
22.600	0.0027	0.0007	0.0020
22.625	0.0027	0.0007	0.0020
22.650	0.0027	0.0007	0.0020
22.675	0.0027	0.0007	0.0020
22.700	0.0027	0.0007	0.0020
22.725	0.0027	0.0007	0.0020
22.750	0.0026	0.0007	0.0020
22.775	0.0026	0.0007	0.0020
22.800	0.0026	0.0007	0.0020
22.825	0.0026	0.0007	0.0020
22.850	0.0026	0.0007	0.0019
22.875	0.0026	0.0007	0.0019
22.900	0.0026	0.0007	0.0019
22.925	0.0026	0.0007	0.0019
22.950	0.0026	0.0007	0.0019
22.975	0.0026	0.0007	0.0019
23.000	0.0026	0.0007	0.0019
23.025	0.0026	0.0007	0.0019
23.050	0.0026	0.0007	0.0019
23.075	0.0026	0.0007	0.0019
23.100	0.0026	0.0007	0.0019
23.125	0.0026	0.0007	0.0019
23.150	0.0026	0.0007	0.0019
23.175	0.0026	0.0007	0.0019
23.200	0.0026	0.0007	0.0019
23.225	0.0026	0.0007	0.0019
23.250	0.0026	0.0007	0.0019
23.275	0.0026	0.0007	0.0019
23.300	0.0026	0.0007	0.0019
23.325	0.0026	0.0007	0.0019
23.350	0.0026	0.0007	0.0019
23.375	0.0025	0.0007	0.0019
23.400	0.0025	0.0007	0.0019
23.425	0.0025	0.0007	0.0019
23.450	0.0025	0.0006	0.0019
23.475	0.0025	0.0006	0.0019
23.500	0.0025	0.0006	0.0019
23.525	0.0025	0.0006	0.0019
23.550	0.0025	0.0006	0.0019
23.575	0.0025	0.0006	0.0019
23.600	0.0025	0.0006	0.0019
23.625	0.0025	0.0006	0.0019
23.650	0.0025	0.0006	0.0019
23.675	0.0025	0.0006	0.0019
23.700	0.0025	0.0006	0.0019
23.725	0.0025	0.0006	0.0019
23.750	0.0025	0.0006	0.0019
23.775	0.0025	0.0006	0.0019
23.800	0.0025	0.0006	0.0018
23.825	0.0025	0.0006	0.0018
23.850	0.0025	0.0006	0.0018
23.875	0.0025	0.0006	0.0018
23.900	0.0025	0.0006	0.0018
23.925	0.0025	0.0006	0.0018
23.950	0.0024	0.0006	0.0018
23.975	0.0024	0.0006	0.0018
24.000	0.0024	0.0006	0.0018
24.025	0.0024	0.0006	0.0018
24.050	0.0024	0.0006	0.0018
24.075	0.0024	0.0006	0.0018
24.100	0.0024	0.0006	0.0018
24.125	0.0024	0.0006	0.0018
24.150	0.0024	0.0006	0.0018
24.175	0.0024	0.0006	0.0018
24.200	0.0024	0.0006	0.0018
24.225	0.0024	0.0006	0.0018
24.250	0.0024	0.0006	0.0018
24.275	0.0024	0.0006	0.0018
24.300	0.0024	0.0006	0.0018
24.325	0.0024	0.0006	0.0018
24.350	0.0024	0.0006	0.0018
24.375	0.0024	0.0006	0.0018
24.400	0.0024	0.0006	0.0018
24.425	0.0024	0.0006	0.0018
24.450	0.0024	0.0006	0.0018
24.475	0.0023	0.0006	0.0018
24.500	0.0023	0.0006	0.0018
24.525	0.0023	0.0006	0.0018
24.550	0.0023	0.0006	0.0018
24.575	0.0023	0.0006	0.0018
24.600	0.0023	0.0006	0.0018
24.625	0.0023	0.0006	0.0018
24.650	0.0023	0.0006	0.0017
24.675	0.0023	0.0006	0.0017
24.700	0.0023	0.0006	0.0017
24.725	0.0023	0.0006	0.0017
24.750	0.0023	0.0006	0.0017
24.775	0.0023	0.0006	0.0017
24.800	0.0023	0.0006	0.0017
24.825	0.0023	0.0006	0.0017
24.850	0.0023	0.0006	0.0017
24.875	0.0023	0.0006	0.0017
24.900	0.0023	0.0005	0.0017
24.925	0.0023	0.0005	0.0017
24.950	0.0023	0.0005	0.0017
24.975	0.0023	0.0005	0.0017
25.000	0.0023	0.0005	0.0017
25.025	0.0023	0.0005	0.0017
25.050	0.0023	0.0005	0.0017
25.075	0.0023	0.0005	0.0018
25.100	0.0023	0.0005	0.0018
25.125	0.0023	0.0005	0.0018
25.150	0.0023	0.0005	0.0018
25.175	0.0023	0.0005	0.0018
25.200	0.0024	0.0005	0.0018
25.225	0.0024	0.0005	0.0018
25.250	0.0024	0.0006	0.0018
25.275	0.0024	0.0006	0.0018
25.300	0.0024	0.0006	0.0019
25.325	0.0024	0.0006	0.0019
25.350	0.0025	0.0006	0.0019
25.375	0.0025	0.0006	0.0019
25.400	0.0025	0.0006	0.0019
25.425	0.0025	0.0006	0.0019
25.450	0.0025	0.0006	0.0019
25.475	0.0025	0.0006	0.0020
25.500	0.0026	0.0006	0.0020
25.525	0.0026	0.0006	0.0020
25.550	0.0026	0.0006	0.0020
25.575	0.0026	0.0006	0.0020
25.600	0.0026	0.0006	0.0020
25.625	0.0027	0.0006	0.0021
25.650	0.0027	0.0006	0.0021
25.675	0.0027	0.0006	0.0021
25.700	0.0027	0.0006	0.0021
25.725	0.0027	0.0006	0.0021
25.750	0.0028	0.0006	0.0021
25.775	0.0028	0.0006	0.0022
25.800	0.0028	0.0006	0.0022
25.825	0.0028	0.0006	0.0022
25.850	0.0028	0.0006	0.0022
25.875	0.0028	0.0006	0.0022
25.900	0.0028	0.0006	0.0022
25.925	0.0028	0.0006	0.0022
25.950	0.0028	0.0006	0.0022
25.975	0.0028	0.0006	0.0022
26.000	0.0028	0.0006	0.0022
26.025	0.0028	0.0006	0.0022
26.050	0.0028	0.0006	0.0022
26.075	0.0028	0.0006	0.0022
26.100	0.0027	0.0006	0.0022
26.125	0.0027	0.0006	0.0022
26.150	0.0027	0.0006	0.0021
26.175	0.0027	0.0005	0.0021
26.200	0.0026	0.0005	0.0021
26.225	0.0026	0.0005	0.0021
26.250	0.0026	0.0005	0.0021
26.275	0.0026	0.0005	0.0021
26.300	0.0025	0.0005	0.0021
26.325	0.0025	0.0005	0.0020
26.350	0.0025	0.0005	0.0020
26.375	0.0024	0.0004	0.0020
26.400	0.0024	0.0004	0.0020
26.425	0.0024	0.0004	0.0020
26.450	0.0023	0.0004	0.0019
26.475	0.0023	0.0004	0.0019
26.500	0.0023	0.0004	0.0019
26.525	0.0022	0.0003	0.0019
26.550	0.0022	0.0003	0.0019
26.575	0.0022	0.0003	0.0018
26.600	0.0021	0.0003	0.0018
26.625	0.0021	0.0003	0.0018
26.650	0.0020	0.0003	0.0018
26.675	0.0020	0.0003	0.0018
26.700	0.0020	0.0002	0.0017
26.725	0.0019	0.0002	0.0017
26.750	0.0019	0.0002	0.0017
26.775	0.0019	0.0002	0.0017
26.800	0.0018	0.0002	0.0016
26.825	0.0018	0.0002	0.0016
26.850	0.0017	0.0001	0.0016
26.875	0.0017	0.0001	0.0016
26.900	0.0017	0.0001	0.0016
26.925	0.0016	0.0001	0.0015
26.950	0.0016	0.0001	0.0015
26.975	0.0016	0.0001	0.0015
27.000	0.0015	0.0001	0.0015
27.025	0.0015	0.0000	0.0015
27.050	0.0015	0.0000	0.0014
27.075	0.0014	0.0000	0.0014
27.100	0.0014	-0.0000	0.0014
27.125	0.0013	-0.0000	0.0014
27.150	0.0013	-0.0000	0.0013
27.175	0.0013	-0.0000	0.0013
27.200	0.0012	-0.0001	0.0013
27.225	0.0012	-0.0001	0.0013
27.250	0.0012	-0.0001	0.0013
27.275	0.0011	-0.0001	0.0012
27.300	0.0011	-0.0001	0.0012
27.325	0.0011	-0.0001	0.0012
27.350	0.0010	-0.0001	0.0012
27.375	0.0010	-0.0002	0.0012
27.400	0.0010	-0.0002	0.0011
27.425	0.0009	-0.0002	0.0011
27.450	0.0009	-0.0002	0.0011
27.475	0.0009	-0.0002	0.0011
27.500	0.0009	-0.0002	0.0011
27.525	0.0008	-0.0002	0.0011
27.550	0.0008	-0.0002	0.0010
27.575	0.0008	-0.0003	0.0010
27.600	0.0008	-0.0003	0.0010
27.625	0.0007	-0.0003	0.0010
27.650	0.0007	-0.0003	0.0010
27.675	0.0007	-0.0003	0.0010
27.700	0.0007	-0.0003	0.0010
27.725	0.0007	-0.0003	0.0010
27.750	0.0007	-0.0003	0.0010
27.775	0.0007	-0.0003	0.0010
27.800	0.0007	-0.0003	0.0010
27.825	0.0006	-0.0003	0.0010
27.850	0.0006	-0.0003	0.0010
27.875	0.0006	-0.0004	0.0010
27.900	0.0006	-0.0004	0.0010
27.925	0.0006	-0.0004	0.0010
27.950	0.0006	-0.0004	0.0010
27.975	0.0006	-0.0004	0.0010
28.000	0.0006	-0.0004	0.0010
28.025	0.0006	-0.0004	0.0010
28.050	0.0006	-0.0004	0.0010
28.075	0.0006	-0.0004	0.0010
28.100	0.0006	-0.0004	0.0010
28.125	0.0006	-0.0004	0.0010
28.150	0.0006	-0.0004	0.0010
28.175	0.0006	-0.0004	0.0010
28.200	0.0006	-0.0004	0.0010
28.225	0.0006	-0.0004	0.0011
28.250	0.0007	-0.0004	0.0011
28.275	0.0007	-0.0004	0.0011
28.300	0.0007	-0.0004	0.0011
28.325	0.0007	-0.0004	0.0011
28.350	0.0007	-0.0004	0.0011
28.375	0.0007	-0.0004	0.0011
28.400	0.0007	-0.0004	0.0011
28.425	0.0007	-0.0004	0.0011
28.450	0.0007	-0.0004	0.0011
28.475	0.0007	-0.0004	0.0011
28.500	0.0007	-0.0004	0.0011
28.525	0.0007	-0.0004	0.0011
28.550	0.0007	-0.0004	0.0011
28.575	0.0007	-0.0004	0.0011
28.600	0.0007	-0.0004	0.0012
28.625	0.0007	-0.0004	0.0012
28.650	0.0008	-0.0004	0.0012
28.675	0.0008	-0.0004	0.0012
28.700	0.0008	-0.0004	0.0012
28.725	0.0008	-0.0004	0.0012
28.750	0.0008	-0.0004	0.0012
28.775	0.0008	-0.0004	0.0012
28.800	0.0008	-0.0004	0.0012
28.825	0.0008	-0.0004	0.0012
28.850	0.0008	-0.0004	0.0012
28.875	0.0008	-0.0004	0.0012
28.900	0.0008	-0.0004	0.0012
28.925	0.0008	-0.0004	0.0012
28.950	0.0008	-0.0004	0.0012
28.975	0.0008	-0.0004	0.0012
29.000	0.0009	-0.0004	0.0013
29.025	0.0009	-0.0004	0.0013
29.050	0.0009	-0.0004	0.0013
29.075	0.0009	-0.0004	0.0013
29.100	0.0009	-0.0004	0.0013
29.125	0.0009	-0.0004	0.0013
29.150	0.0009	-0.0004	0.0013
29.175	0.0009	-0.0004	0.0013
29.200	0.0009	-0.0004	0.0013
29.225	0.0009	-0.0004	0.0013
29.250	0.0009	-0.0004	0.0013
29.275	0.0009	-0.0004	0.0013
29.300	0.0009	-0.0004	0.0013
29.325	0.0009	-0.0004	0.0013
29.350	0.0010	-0.0004	0.0013
29.375	0.0010	-0.0004	0.0013
29.400	0.0010	-0.0004	0.0013
29.425	0.0010	-0.0004	0.0014
29.450	0.0010	-0.0004	0.0014
29.475	0.0010	-0.0004	0.0014
29.500	0.0010	-0.0004	0.0014
29.525	0.0010	-0.0004	0.0014
29.550	0.0010	-0.0004	0.0014
29.575	0.0010	-0.0004	0.0014
29.600	0.0010	-0.0004	0.0014
29.625	0.0010	-0.0004	0.0014
29.650	0.0010	-0.0004	0.0014
29.675	0.0010	-0.0004	0.0014
29.700	0.0010	-0.0004	0.0014
29.725	0.0010	-0.0004	0.0014
29.750	0.0011	-0.0004	0.0014
29.775	0.0011	-0.0004	0.0014
29.800	0.0011	-0.0004	0.0014
29.825	0.0011	-0.0004	0.0014
29.850	0.0011	-0.0004	0.0014
29.875	0.0011	-0.0004	0.0014
29.900	0.0011	-0.0004	0.0014
29.925	0.0011	-0.0004	0.0014
29.950	0.0011	-0.0003	0.0014
29.975	0.0011	-0.0003	0.0015
30.000	0.0011	-0.0003	0.0015
30.025	0.0011	-0.0003	0.0015
30.050	0.0011	-0.0003	0.0015
30.075	0.0011	-0.0003	0.0015
30.100	0.0011	-0.0003	0.0015
30.125	0.0011	-0.0003	0.0015
30.150	0.0011	-0.0003	0.0015
30.175	0.0011	-0.0003	0.0015
30.200	0.0012	-0.0003	0.0015
30.225	0.0012	-0.0003	0.0015
30.250	0.0012	-0.0003	0.0015
30.275	0.0012	-0.0003	0.0015
30.300	0.0012	-0.0003	0.0015
30.325	0.0012	-0.0003	0.0015
30.350	0.0012	-0.0003	0.0015
30.375	0.0012	-0.0003	0.0015
30.400	0.0012	-0.0003	0.0015
30.425	0.0012	-0.0003	0.0015
30.450	0.0012	-0.0003	0.0015
30.475	0.0012	-0.0003	0.0015
30.500	0.0012	-0.0003	0.0015
30.525	0.0012	-0.0003	0.0015
30.550	0.0012	-0.0003	0.0015
30.575	0.0012	-0.0003	0.0015
30.600	0.0012	-0.0003	0.0015
30.625	0.0012	-0.0003	0.0016
30.650	0.0012	-0.0003	0.0016
30.675	0.0012	-0.0003	0.0016
30.700	0.0013	-0.0003	0.0016
30.725	0.0013	-0.0003	0.0016
30.750	0.0013	-0.0003	0.0016
30.775	0.0013	-0.0003	0.0016
30.800	0.0013	-0.0003	0.0016
30.825	0.0013	-0.0003	0.0016
30.850	0.0013	-0.0003	0.0016
30.875	0.0013	-0.0003	0.0016
30.900	0.0013	-0.0003	0.0016
30.925	0.0013	-0.0003	0.0016
30.950	0.0013	-0.0003	0.0016
30.975	0.0013	-0.0003	0.0016
31.000	0.0013	-0.0003	0.0016
31.025	0.0013	-0.0003	0.0016
31.050	0.0013	-0.0003	0.0016
31.075	0.0013	-0.0003	0.0016
31.100	0.0013	-0.0003	0.0016
31.125	0.0013	-0.0003	0.0016
31.150	0.0013	-0.0003	0.0016
31.175	0.0013	-0.0003	0.0016
31.200	0.0013	-0.0003	0.0016
31.225	0.0014	-0.0003	0.0016
31.250	0.0014	-0.0003	0.0016
31.275	0.0014	-0.0003	0.0016
31.300	0.0014	-0.0003	0.0016
31.325	0.0014	-0.0003	0.0016
31.350	0.0014	-0.0003	0.0016
31.375	0.0014	-0.0003	0.0016
31.400	0.0014	-0.0003	0.0017
31.425	0.0014	-0.0003	0.0017
31.450	0.0014	-0.0003	0.0017
31.475	0.0014	-0.0003	0.0017
31.500	0.0014	-0.0003	0.0017
31.525	0.0014	-0.0003	0.0017
31.550	0.0014	-0.0003	0.0017
31.575	0.0014	-0.0003	0.0017
31.600	0.0014	-0.0003	0.0017
31.625	0.0014	-0.0003	0.0017
31.650	0.0014	-0.0003	0.0017
31.675	0.0014	-0.0003	0.0017
31.700	0.0014	-0.0003	0.0017
31.725	0.0014	-0.0003	0.0017
31.750	0.0014	-0.0003	0.0017
31.775	0.0014	-0.0003	0.0017
31.800	0.0014	-0.0003	0.0017
31.825	0.0015	-0.0003	0.0017
31.850	0.0015	-0.0003	0.0017
31.875	0.0015	-0.0002	0.0017
31.900	0.0015	-0.0002	0.0017
31.925	0.0015	-0.0002	0.0017
31.950	0.0015	-0.0002	0.0017
31.975	0.0015	-0.0002	0.0017
32.000	0.0015	-0.0002	0.0017
32.025	0.0015	-0.0002	0.0017
32.050	0.0015	-0.0002	0.0017
32.075	0.0015	-0.0002	0.0017
32.100	0.0015	-0.0002	0.0017
32.125	0.0015	-0.0002	0.0017
32.150	0.0015	-0.0002	0.0017
32.175	0.0015	-0.0002	0.0017
32.200	0.0015	-0.0002	0.0017
32.225	0.0015	-0.0002	0.0017
32.250	0.0015	-0.0002	0.0017
32.275	0.0015	-0.0002	0.0018
32.300	0.0015	-0.0002	0.0018
32.325	0.0015	-0.0002	0.0018
32.350	0.0015	-0.0002	0.0018
32.375	0.0015	-0.0002	0.0018
32.400	0.0015	-0.0002	0.0018
32.425	0.0015	-0.0002	0.0018
32.450	0.0015	-0.0002	0.0018
32.475	0.0015	-0.0002	0.0018
32.500	0.0016	-0.0002	0.0018
32.525	0.0016	-0.0002	0.0018
32.550	0.0016	-0.0002	0.0018
32.575	0.0016	-0.0002	0.0018
32.600	0.0016	-0.0002	0.0018
32.625	0.0016	-0.0002	0.0018
32.650	0.0016	-0.0002	0.0018
32.675	0.0016	-0.0002	0.0018
32.700	0.0016	-0.0002	0.0018
32.725	0.0016	-0.0002	0.0018
32.750	0.0016	-0.0002	0.0018
32.775	0.0016	-0.0002	0.0018
32.800	0.0016	-0.0002	0.0018
32.825	0.0016	-0.0002	0.0018
32.850	0.0016	-0.0002	0.0018
32.875	0.0016	-0.0002	0.0018
32.900	0.0016	-0.0002	0.0018
32.925	0.0016	-0.0002	0.0018
32.950	0.0016	-0.0002	0.0018
32.975	0.0016	-0.0002	0.0018
33.000	0.0016	-0.0002	0.0018
33.025	0.0016	-0.0002	0.0018
33.050	0.0016	-0.0002	0.0018
33.075	0.0016	-0.0002	0.0018
33.100	0.0016	-0.0002	0.0018
33.125	0.0016	-0.0002	0.0018
33.150	0.0016	-0.0002	0.0018
33.175	0.0016	-0.0002	0.0018
33.200	0.0016	-0.0002	0.0018
33.225	0.0016	-0.0002	0.0018
33.250	0.0017	-0.0002	0.0018
33.275	0.0017	-0.0002	0.0019
33.300	0.0017	-0.0002	0.0019
33.325	0.0017	-0.0002	0.0019
33.350	0.0017	-0.0002	0.0019
33.375	0.0017	-0.0002	0.0019
33.400	0.0017	-0.0002	0.0019
33.425	0.0017	-0.0002	0.0019
33.450	0.0017	-0.0002	0.0019
33.475	0.0017	-0.0002	0.0019
33.500	0.0017	-0.0002	0.0019
33.525	0.0017	-0.0002	0.0019
33.550	0.0017	-0.0002	0.0019
33.575	0.0017	-0.0002	0.0019
33.600	0.0017	-0.0002	0.0019
33.625	0.0017	-0.0002	0.0019
33.650	0.0017	-0.0002	0.0019
33.675	0.0017	-0.0002	0.0019
33.700	0.0017	-0.0002	0.0019
33.725	0.0017	-0.0002	0.0019
33.750	0.0017	-0.0002	0.0019
33.775	0.0017	-0.0002	0.0019
33.800	0.0017	-0.0002	0.0019
33.825	0.0017	-0.0002	0.0019
33.850	0.0017	-0.0002	0.0019
33.875	0.0017	-0.0002	0.0019
33.900	0.0017	-0.0002	0.0019
33.925	0.0017	-0.0002	0.0019
33.950	0.0017	-0.0002	0.0019
33.975	0.0017	-0.0002	0.0019
34.000	0.0017	-0.0002	0.0019
34.025	0.0017	-0.0002	0.0019
34.050	0.0017	-0.0002	0.0019
34.075	0.0017	-0.0002	0.0019
34.100	0.0016	-0.0002	0.0019
34.125	0.0016	-0.0002	0.0018
34.150	0.0016	-0.0002	0.0018
34.175	0.0016	-0.0002	0.0018
34.200	0.0015	-0.0002	0.0018
34.225	0.0015	-0.0003	0.0018
34.250	0.0015	-0.0003	0.0018
34.275	0.0014	-0.0003	0.0017
34.300	0.0014	-0.0003	0.0017
34.325	0.0014	-0.0003	0.0017
34.350	0.0013	-0.0003	0.0017
34.375	0.0013	-0.0003	0.0016
34.400	0.0013	-0.0004	0.0016
34.425	0.0012	-0.0004	0.0016
34.450	0.0012	-0.0004	0.0016
34.475	0.0011	-0.0004	0.0015
34.500	0.0011	-0.0004	0.0015
34.525	0.0010	-0.0004	0.0015
34.550	0.0010	-0.0005	0.0015
34.575	0.0010	-0.0005	0.0014
34.600	0.0009	-0.0005	0.0014
34.625	0.0009	-0.0005	0.0014
34.650	0.0008	-0.0005	0.0013
34.675	0.0008	-0.0005	0.0013
34.700	0.0007	-0.0006	0.0013
34.725	0.0007	-0.0006	0.0013
34.750	0.0006	-0.0006	0.0012
34.775	0.0006	-0.0006	0.0012
34.800	0.0005	-0.0006	0.0012
34.825	0.0005	-0.0007	0.0012
34.850	0.0005	-0.0007	0.0011
34.875	0.0004	-0.0007	0.0011
34.900	0.0004	-0.0007	0.0011
34.925	0.0003	-0.0007	0.0010
34.950	0.0003	-0.0007	0.0010
34.975	0.0002	-0.0008	0.0010
35.000	0.0002	-0.0008	0.0010
35.025	0.0002	-0.0008	0.0010
35.050	0.0001	-0.0008	0.0009
35.075	0.0001	-0.0008	0.0009
35.100	0.0001	-0.0008	0.0009
35.125	0.0001	-0.0008	0.0009
35.150	0.0000	-0.0009	0.0009
35.175	0.0000	-0.0009	0.0009
35.200	-0.0000	-0.0009	0.0009
35.225	-0.0000	-0.0009	0.0009
35.250	-0.0000	-0.0009	0.0009
35.275	-0.0001	-0.0009	0.0008
35.300	-0.0001	-0.0009	0.0008
35.325	-0.0001	-0.0009	0.0008
35.350	-0.0001	-0.0009	0.0008
35.375	-0.0001	-0.0010	0.0008
35.400	-0.0001	-0.0010	0.0008
35.425	-0.0002	-0.0010	0.0008
35.450	-0.0002	-0.0010	0.0008
35.475	-0.0002	-0.0010	0.0008
35.500	-0.0002	-0.0010	0.0008
35.525	-0.0002	-0.0010	0.0008
35.550	-0.0002	-0.0010	0.0008
35.575	-0.0002	-0.0010	0.0008
35.600	-0.0002	-0.0010	0.0008
35.625	-0.0002	-0.0010	0.0008
35.650	-0.0002	-0.0010	0.0008
35.675	-0.0003	-0.0010	0.0008
35.700	-0.0003	-0.0011	0.0008
35.725	-0.0003	-0.0011	0.0008
35.750	-0.0003	-0.0011	0.0008
35.775	-0.0003	-0.0011	0.0008
35.800	-0.0003	-0.0011	0.0008
35.825	-0.0003	-0.0011	0.0008
35.850	-0.0003	-0.0011	0.0008
35.875	-0.0003	-0.0011	0.0008
35.900	-0.0004	-0.0011	0.0008
35.925	-0.0004	-0.0011	0.0007
35.950	-0.0004	-0.0011	0.0007
35.975	-0.0004	-0.0011	0.0007
36.000	-0.0005	-0.0012	0.0007
36.025	-0.0005	-0.0012	0.0007
36.050	-0.0005	-0.0012	0.0007
36.075	-0.0006	-0.0012	0.0006
36.100	-0.0006	-0.0012	0.0006
36.125	-0.0006	-0.0012	0.0006
36.150	-0.0007	-0.0013	0.0006
36.175	-0.0007	-0.0013	0.0006
36.200	-0.0008	-0.0013	0.0005
36.225	-0.0008	-0.0013	0.0005
36.250	-0.0008	-0.0013	0.0005
36.275	-0.0009	-0.0013	0.0005
36.300	-0.0009	-0.0014	0.0004
36.325	-0.0010	-0.0014	0.0004
36.350	-0.0010	-0.0014	0.0004
36.375	-0.0011	-0.0014	0.0004
36.400	-0.0011	-0.0014	0.0003
36.425	-0.0011	-0.0015	0.0003
36.450	-0.0012	-0.0015	0.0003
36.475	-0.0012	-0.0015	0.0003
36.500	-0.0013	-0.0015	0.0002
36.525	-0.0013	-0.0015	0.0002
36.550	-0.0014	-0.0015	0.0002
36.575	-0.0014	-0.0016	0.0001
36.600	-0.0015	-0.0016	0.0001
36.625	-0.0015	-0.0016	0.0001
36.650	-0.0016	-0.0016	0.0001
36.675	-0.0016	-0.0016	0.0000
36.700	-0.0016	-0.0016	0.0000
36.725	-0.0017	-0.0017	-0.0000
36.750	-0.0017	-0.0017	-0.0000
36.775	-0.0018	-0.0017	-0.0001
36.800	-0.0018	-0.0017	-0.0001
36.825	-0.0019	-0.0017	-0.0001
36.850	-0.0019	-0.0018	-0.0001
36.875	-0.0019	-0.0018	-0.0002
36.900	-0.0020	-0.0018	-0.0002
36.925	-0.0020	-0.0018	-0.0002
36.950	-0.0021	-0.0018	-0.0002
36.975	-0.0021	-0.0018	-0.0003
37.000	-0.0021	-0.0018	-0.0003
37.025	-0.0022	-0.0019	-0.0003
37.050	-0.0022	-0.0019	-0.0003
37.075	-0.0023	-0.0019	-0.0004
37.100	-0.0023	-0.0019	-0.0004
37.125	-0.0023	-0.0019	-0.0004
37.150	-0.0024	-0.0019	-0.0004
37.175	-0.0024	-0.0019	-0.0004
37.200	-0.0024	-0.0020	-0.0005
37.225	-0.0025	-0.0020	-0.0005
37.250	-0.0025	-0.0020	-0.0005
37.275	-0.0025	-0.0020	-0.0005
37.300	-0.0026	-0.0020	-0.0006
37.325	-0.0026	-0.0020	-0.0006
37.350	-0.0026	-0.0020	-0.0006
37.375	-0.0027	-0.0020	-0.0006
37.400	-0.0027	-0.0021	-0.0006
37.425	-0.0027	-0.0021	-0.0006
37.450	-0.0027	-0.0021	-0.0007
37.475	-0.0028	-0.0021	-0.0007
37.500	-0.0028	-0.0021	-0.0007
37.525	-0.0028	-0.0021	-0.0007
37.550	-0.0028	-0.0021	-0.0007
37.575	-0.0029	-0.0021	-0.0007
37.600	-0.0029	-0.0021	-0.0007
37.625	-0.0029	-0.0022	-0.0008
37.650	-0.0029	-0.0022	-0.0008
37.675	-0.0029	-0.0022	-0.0008
37.700	-0.0029	-0.0022	-0.0008
37.725	-0.0029	-0.0022	-0.0008
37.750	-0.0030	-0.0022	-0.0008
37.775	-0.0030	-0.0022	-0.0008
37.800	-0.0030	-0.0022	-0.0008
37.825	-0.0030	-0.0022	-0.0008
37.850	-0.0030	-0.0022	-0.0008
37.875	-0.0030	-0.0022	-0.0008
37.900	-0.0030	-0.0022	-0.0007
37.925	-0.0030	-0.0022	-0.0007
37.950	-0.0030	-0.0022	-0.0007
37.975	-0.0030	-0.0022	-0.0007
38.000	-0.0029	-0.0022	-0.0007
38.025	-0.0029	-0.0022	-0.0007
38.050	-0.0029	-0.0022	-0.0007
38.075	-0.0029	-0.0022	-0.0007
38.100	-0.0029	-0.0022	-0.0007
38.125	-0.0029	-0.0022	-0.0007
38.150	-0.0029	-0.0022	-0.0007
38.175	-0.0029	-0.0022	-0.0007
38.200	-0.0029	-0.0022	-0.0007
38.225	-0.0029	-0.0022	-0.0006
38.250	-0.0029	-0.0022	-0.0006
38.275	-0.0028	-0.0022	-0.0006
38.300	-0.0028	-0.0022	-0.0006
38.325	-0.0028	-0.0022	-0.0006
38.350	-0.0028	-0.0022	-0.0006
38.375	-0.0028	-0.0022	-0.0006
38.400	-0.0028	-0.0022	-0.0006
38.425	-0.0028	-0.0022	-0.0006
38.450	-0.0028	-0.0022	-0.0005
38.475	-0.0027	-0.0022	-0.0005
38.500	-0.0027	-0.0022	-0.0005
38.525	-0.0027	-0.0022	-0.0005
38.550	-0.0027	-0.0022	-0.0005
38.575	-0.0027	-0.0022	-0.0005
38.600	-0.0027	-0.0022	-0.0005
38.625	-0.0026	-0.0022	-0.0005
38.650	-0.0026	-0.0022	-0.0004
38.675	-0.0026	-0.0022	-0.0004
38.700	-0.0026	-0.0022	-0.0004
38.725	-0.0026	-0.0022	-0.0004
38.750	-0.0026	-0.0022	-0.0004
38.775	-0.0025	-0.0022	-0.0004
38.800	-0.0025	-0.0022	-0.0004
38.825	-0.0025	-0.0022	-0.0004
38.850	-0.0025	-0.0022	-0.0003
38.875	-0.0025	-0.0021	-0.0003
38.900	-0.0025	-0.0021	-0.0003
38.925	-0.0024	-0.0021	-0.0003
38.950	-0.0024	-0.0021	-0.0003
38.975	-0.0024	-0.0021	-0.0003
39.000	-0.0024	-0.0021	-0.0003
39.025	-0.0024	-0.0021	-0.0003
39.050	-0.0024	-0.0021	-0.0002
39.075	-0.0023	-0.0021	-0.0002
39.100	-0.0023	-0.0021	-0.0002
39.125	-0.0023	-0.0021	-0.0002
39.150	-0.0023	-0.0021	-0.0002
39.175	-0.0023	-0.0021	-0.0002
39.200	-0.0023	-0.0021	-0.0002
39.225	-0.0022	-0.0021	-0.0002
39.250	-0.0022	-0.0021	-0.0001
39.275	-0.0022	-0.0021	-0.0001
39.300	-0.0022	-0.0021	-0.0001
39.325	-0.0022	-0.0021	-0.0001
39.350	-0.0021	-0.0021	-0.0001
39.375	-0.0021	-0.0020	-0.0001
39.400	-0.0021	-0.0020	-0.0001
39.425	-0.0021	-0.0020	-0.0001
39.450	-0.0021	-0.0020	-0.0000
39.475	-0.0021	-0.0020	-0.0000
39.500	-0.0020	-0.0020	-0.0000
39.525	-0.0020	-0.0020	-0.0000
39.550	-0.0020	-0.0020	0.0000
39.575	-0.0020	-0.0020	0.0000
39.600	-0.0020	-0.0020	0.0000
39.625	-0.0019	-0.0020	0.0000
39.650	-0.0019	-0.0020	0.0001
39.675	-0.0019	-0.0020	0.0001
39.700	-0.0019	-0.0020	0.0001
39.725	-0.0019	-0.0020	0.0001
39.750	-0.0019	-0.0020	0.0001
39.775	-0.0019	-0.0020	0.0001
39.800	-0.0019	-0.0020	0.0001
39.825	-0.0019	-0.0020	0.0001
39.850	-0.0018	-0.0020	0.0001
39.875	-0.0018	-0.0020	0.0001
39.900	-0.0019	-0.0020	0.0001
39.925	-0.0019	-0.0020	0.0001
39.950	-0.0019	-0.0020	0.0001
39.975	-0.0019	-0.0020	0.0001
40.000	-0.0019	-0.0020	0.0001
40.025	-0.0019	-0.0020	0.0001
40.050	-0.0019	-0.0020	0.0001
40.075	-0.0019	-0.0020	0.0001
40.100	-0.0020	-0.0020	0.0001
40.125	-0.0020	-0.0020	0.0000
40.150	-0.0020	-0.0020	0.0000
40.175	-0.0020	-0.0020	0.0000
40.200	-0.0020	-0.0020	0.0000
40.225	-0.0021	-0.0021	-0.0000
40.250	-0.0021	-0.0021	-0.0000
40.275	-0.0021	-0.0021	-0.0000
40.300	-0.0021	-0.0021	-0.0001
40.325	-0.0022	-0.0021	-0.0001
40.350	-0.0022	-0.0021	-0.0001
40.375	-0.0023	-0.0021	-0.0001
40.400	-0.0023	-0.0021	-0.0002
40.425	-0.0023	-0.0022	-0.0002
40.450	-0.0024	-0.0022	-0.0002
40.475	-0.0024	-0.0022	-0.0002
40.500	-0.0025	-0.0022	-0.0003
40.525	-0.0026	-0.0022	-0.0003
40.550	-0.0026	-0.0023	-0.0003
40.575	-0.0027	-0.0023	-0.0004
40.600	-0.0027	-0.0023	-0.0004
40.625	-0.0028	-0.0023	-0.0005
40.650	-0.0029	-0.0024	-0.0005
40.675	-0.0029	-0.0024	-0.0005
40.700	-0.0030	-0.0024	-0.0006
40.725	-0.0030	-0.0024	-0.0006
40.750	-0.0031	-0.0025	-0.0007
40.775	-0.0032	-0.0025	-0.0007
40.800	-0.0032	-0.0025	-0.0007
40.825	-0.0033	-0.0025	-0.0008
40.850	-0.0034	-0.0026	-0.0008
40.875	-0.0035	-0.0026	-0.0009
40.900	-0.0035	-0.0026	-0.0009
40.925	-0.0036	-0.0026	-0.0010
40.950	-0.0037	-0.0027	-0.0010
40.975	-0.0037	-0.0027	-0.0010
41.000	-0.0038	-0.0027	-0.0011
41.025	-0.0039	-0.0027	-0.0011
41.050	-0.0039	-0.0028	-0.0012
41.075	-0.0040	-0.0028	-0.0012
41.100	-0.0041	-0.0028	-0.0012
41.125	-0.0041	-0.0028	-0.0013
41.150	-0.0042	-0.0029	-0.0013
41.175	-0.0042	-0.0029	-0.0014
41.200	-0.0043	-0.0029	-0.0014
41.225	-0.0044	-0.0029	-0.0014
41.250	-0.0044	-0.0030	-0.0015
41.275	-0.0045	-0.0030	-0.0015
41.300	-0.0046	-0.0030	-0.0016
41.325	-0.0046	-0.0030	-0.0016
41.350	-0.0047	-0.0030	-0.0016
41.375	-0.0047	-0.0031	-0.0017
41.400	-0.0048	-0.0031	-0.0017
41.425	-0.0048	-0.0031	-0.0017
41.450	-0.0049	-0.0031	-0.0018
41.475	-0.0050	-0.0031	-0.0018
41.500	-0.0050	-0.0032	-0.0018
41.525	-0.0051	-0.0032	-0.0019
41.550	-0.0051	-0.0032	-0.0019
41.575	-0.0052	-0.0032	-0.0019
41.600	-0.0052	-0.0032	-0.0020
41.625	-0.0053	-0.0033	-0.0020
41.650	-0.0053	-0.0033	-0.0020
41.675	-0.0054	-0.0033	-0.0021
41.700	-0.0054	-0.0033	-0.0021
41.725	-0.0055	-0.0033	-0.0022
41.750	-0.0056	-0.0034	-0.0022
41.775	-0.0056	-0.0034	-0.0022
41.800	-0.0057	-0.0034	-0.0023
41.825	-0.0058	-0.0034	-0.0023
41.850	-0.0058	-0.0035	-0.0024
41.875	-0.0059	-0.0035	-0.0024
41.900	-0.0060	-0.0035	-0.0024
41.925	-0.0060	-0.0035	-0.0025
41.950	-0.0061	-0.0036	-0.0025
41.975	-0.0062	-0.0036	-0.0026
42.000	-0.0062	-0.0036	-0.0026
42.025	-0.0063	-0.0036	-0.0027
42.050	-0.0064	-0.0037	-0.0027
42.075	-0.0065	-0.0037	-0.0028
42.100	-0.0065	-0.0037	-0.0028
42.125	-0.0066	-0.0037	-0.0029
42.150	-0.0067	-0.0038	-0.0029
42.175	-0.0067	-0.0038	-0.0029
42.200	-0.0068	-0.0038	-0.0030
42.225	-0.0069	-0.0038	-0.0030
42.250	-0.0070	-0.0039	-0.0031
42.275	-0.0070	-0.0039	-0.0031
42.300	-0.0071	-0.0039	-0.0032
42.325	-0.0072	-0.0039	-0.0032
42.350	-0.0072	-0.0040	-0.0033
42.375	-0.0073	-0.0040	-0.0033
42.400	-0.0074	-0.0040	-0.0033
42.425	-0.0074	-0.0040	-0.0034
42.450	-0.0075	-0.0041	-0.0034
42.475	-0.0076	-0.0041	-0.0035
42.500	-0.0076	-0.0041	-0.0035
42.525	-0.0077	-0.0041	-0.0036
42.550	-0.0077	-0.0042	-0.0036
42.575	-0.0078	-0.0042	-0.0036
42.600	-0.0079	-0.0042	-0.0037
42.625	-0.0079	-0.0042	-0.0037
42.650	-0.0080	-0.0042	-0.0037
42.675	-0.0080	-0.0043	-0.0038
42.700	-0.0081	-0.0043	-0.0038
42.725	-0.0081	-0.0043	-0.0039
42.750	-0.0082	-0.0043	-0.0039
42.775	-0.0083	-0.0043	-0.0039
42.800	-0.0083	-0.0044	-0.0040
42.825	-0.0084	-0.0044	-0.0040
42.850	-0.0084	-0.0044	-0.0040
42.875	-0.0085	-0.0044	-0.0041
42.900	-0.0085	-0.0044	-0.0041
42.925	-0.0086	-0.0044	-0.0041
42.950	-0.0086	-0.0045	-0.0041
42.975	-0.0086	-0.0045	-0.0042
43.000	-0.0087	-0.0045	-0.0042
43.025	-0.0087	-0.0045	-0.0042
43.050	-0.0088	-0.0045	-0.0043
43.075	-0.0088	-0.0045	-0.0043
43.100	-0.0088	-0.0045	-0.0043
43.125	-0.0089	-0.0046	-0.0043
43.150	-0.0089	-0.0046	-0.0043
43.175	-0.0089	-0.0046	-0.0043
43.200	-0.0089	-0.0046	-0.0044
43.225	-0.0090	-0.0046	-0.0044
43.250	-0.0090	-0.0046	-0.0044
43.275	-0.0090	-0.0046	-0.0044
43.300	-0.0090	-0.0046	-0.0044
43.325	-0.0090	-0.0046	-0.0044
43.350	-0.0090	-0.0046	-0.0044
43.375	-0.0091	-0.0047	-0.0044
43.400	-0.0091	-0.0047	-0.0044
43.425	-0.0091	-0.0047	-0.0044
43.450	-0.0091	-0.0047	-0.0044
43.475	-0.0091	-0.0047	-0.0044
43.500	-0.0091	-0.0047	-0.0044
43.525	-0.0091	-0.0047	-0.0044
43.550	-0.0091	-0.0047	-0.0044
43.575	-0.0091	-0.0047	-0.0044
43.600	-0.0091	-0.0047	-0.0044
43.625	-0.0091	-0.0047	-0.0044
43.650	-0.0091	-0.0047	-0.0044
43.675	-0.0091	-0.0047	-0.0044
43.700	-0.0091	-0.0047	-0.0044
43.725	-0.0090	-0.0047	-0.0044
43.750	-0.0090	-0.0047	-0.0043
43.775	-0.0090	-0.0047	-0.0043
43.800	-0.0090	-0.0047	-0.0043
43.825	-0.0090	-0.0047	-0.0043
43.850	-0.0090	-0.0047	-0.0043
43.875	-0.0090	-0.0047	-0.0043
43.900	-0.0090	-0.0047	-0.0043
43.925	-0.0090	-0.0047	-0.0043
43.950	-0.0090	-0.0047	-0.0043
43.975	-0.0089	-0.0047	-0.0043
44.000	-0.0089	-0.0047	-0.0043
44.025	-0.0089	-0.0047	-0.0043
44.050	-0.0089	-0.0047	-0.0043
44.075	-0.0089	-0.0047	-0.0043
44.100	-0.0089	-0.0047	-0.0043
44.125	-0.0089	-0.0047	-0.0043
44.150	-0.0090	-0.0047	-0.0043
44.175	-0.0090	-0.0047	-0.0043
44.200	-0.0090	-0.0047	-0.0043
44.225	-0.0090	-0.0047	-0.0043
44.250	-0.0090	-0.0047	-0.0043
44.275	-0.0090	-0.0047	-0.0043
44.300	-0.0091	-0.0047	-0.0043
44.325	-0.0091	-0.0048	-0.0043
44.350	-0.0091	-0.0048	-0.0043
44.375	-0.0091	-0.0048	-0.0044
44.400	-0.0092	-0.0048	-0.0044
44.425	-0.0092	-0.0048	-0.0044
44.450	-0.0093	-0.0048	-0.0044
44.475	-0.0093	-0.0049	-0.0045
44.500	-0.0094	-0.0049	-0.0045
44.525	-0.0094	-0.0049	-0.0045
44.550	-0.0094	-0.0049	-0.0045
44.575	-0.0095	-0.0049	-0.0046
44.600	-0.0096	-0.0049	-0.0046
44.625	-0.0096	-0.0050	-0.0046
44.650	-0.0097	-0.0050	-0.0047
44.675	-0.0097	-0.0050	-0.0047
44.700	-0.0098	-0.0050	-0.0047
44.725	-0.0098	-0.0050	-0.0048
44.750	-0.0099	-0.0051	-0.0048
44.775	-0.0099	-0.0051	-0.0048
44.800	-0.0100	-0.0051	-0.0049
44.825	-0.0100	-0.0051	-0.0049
44.850	-0.0101	-0.0051	-0.0049
44.875	-0.0101	-0.0052	-0.0050
44.900	-0.0102	-0.0052	-0.0050
44.925	-0.0103	-0.0052	-0.0050
44.950	-0.0103	-0.0052	-0.0051
44.975	-0.0104	-0.0052	-0.0051
45.000	-0.0104	-0.0053	-0.0051
45.025	-0.0105	-0.0053	-0.0052
45.050	-0.0105	-0.0053	-0.0052
45.075	-0.0106	-0.0053	-0.0052
45.100	-0.0106	-0.0053	-0.0053
45.125	-0.0107	-0.0054	-0.0053
45.150	-0.0107	-0.0054	-0.0053
45.175	-0.0108	-0.0054	-0.0054
45.200	-0.0108	-0.0054	-0.0054
45.225	-0.0109	-0.0054	-0.0054
45.250	-0.0109	-0.0054	-0.0055
45.275	-0.0109	-0.0055	-0.0055
45.300	-0.0110	-0.0055	-0.0055
45.325	-0.0110	-0.0055	-0.0055
45.350	-0.0111	-0.0055	-0.0056
45.375	-0.0111	-0.0055	-0.0056
45.400	-0.0112	-0.0055	-0.0056
45.425	-0.0112	-0.0056	-0.0056
45.450	-0.0112	-0.0056	-0.0057
45.475	-0.0112	-0.0056	-0.0057
45.500	-0.0113	-0.0056	-0.0057
45.525	-0.0113	-0.0056	-0.0057
45.550	-0.0113	-0.0056	-0.0057
45.575	-0.0113	-0.0056	-0.0057
45.600	-0.0113	-0.0056	-0.0057
45.625	-0.0114	-0.0056	-0.0057
45.650	-0.0114	-0.0056	-0.0057
45.675	-0.0114	-0.0057	-0.0057
45.700	-0.0114	-0.0057	-0.0057
45.725	-0.0114	-0.0057	-0.0057
45.750	-0.0114	-0.0057	-0.0057
45.775	-0.0114	-0.0057	-0.0057
45.800	-0.0114	-0.0057	-0.0057
45.825	-0.0114	-0.0057	-0.0057
45.850	-0.0114	-0.0057	-0.0057
45.875	-0.0114	-0.0057	-0.0057
45.900	-0.0114	-0.0057	-0.0057
45.925	-0.0114	-0.0057	-0.0057
45.950	-0.0114	-0.0057	-0.0057
45.975	-0.0114	-0.0057	-0.0057
46.000	-0.0114	-0.0057	-0.0057
46.025	-0.0114	-0.0057	-0.0057
46.050	-0.0114	-0.0057	-0.0057
46.075	-0.0114	-0.0057	-0.0057
46.100	-0.0114	-0.0057	-0.0057
46.125	-0.0114	-0.0057	-0.0057
46.150	-0.0113	-0.0057	-0.0056
46.175	-0.0113	-0.0057	-0.0056
46.200	-0.0113	-0.0057	-0.0056
46.225	-0.0113	-0.0057	-0.0056
46.250	-0.0112	-0.0057	-0.0056
46.275	-0.0112	-0.0057	-0.0055
46.300	-0.0112	-0.0057	-0.0055
46.325	-0.0111	-0.0057	-0.0055
46.350	-0.0111	-0.0057	-0.0054
46.375	-0.0111	-0.0057	-0.0054
46.400	-0.0110	-0.0056	-0.0054
46.425	-0.0110	-0.0056	-0.0054
46.450	-0.0110	-0.0056	-0.0053
46.475	-0.0109	-0.0056	-0.0053
46.500	-0.0109	-0.0056	-0.0053
46.525	-0.0108	-0.0056	-0.0052
46.550	-0.0108	-0.0056	-0.0052
46.575	-0.0107	-0.0056	-0.0052
46.600	-0.0107	-0.0056	-0.0051
46.625	-0.0107	-0.0056	-0.0051
46.650	-0.0106	-0.0055	-0.0051
46.675	-0.0106	-0.0055	-0.0050
46.700	-0.0105	-0.0055	-0.0050
46.725	-0.0105	-0.0055	-0.0050
46.750	-0.0104	-0.0055	-0.0049
46.775	-0.0104	-0.0055	-0.0049
46.800	-0.0103	-0.0055	-0.0049
46.825	-0.0103	-0.0055	-0.0048
46.850	-0.0102	-0.0054	-0.0048
46.875	-0.0102	-0.0054	-0.0047
46.900	-0.0101	-0.0054	-0.0047
46.925	-0.0101	-0.0054	-0.0047
46.950	-0.0100	-0.0054	-0.0046
46.975	-0.0100	-0.0054	-0.0046
47.000	-0.0099	-0.0054	-0.0046
47.025	-0.0099	-0.0054	-0.0045
47.050	-0.0098	-0.0053	-0.0045
47.075	-0.0098	-0.0053	-0.0045
47.100	-0.0097	-0.0053	-0.0044
47.125	-0.0097	-0.0053	-0.0044
47.150	-0.0097	-0.0053	-0.0044
47.175	-0.0096	-0.0053	-0.0043
47.200	-0.0096	-0.0053	-0.0043
47.225	-0.0096	-0.0053	-0.0043
47.250	-0.0095	-0.0053	-0.0043
47.275	-0.0095	-0.0053	-0.0043
47.300	-0.0095	-0.0052	-0.0042
47.325	-0.0095	-0.0052	-0.0042
47.350	-0.0094	-0.0052	-0.0042
47.375	-0.0094	-0.0052	-0.0042
47.400	-0.0094	-0.0052	-0.0042
47.425	-0.0094	-0.0052	-0.0042
47.450	-0.0094	-0.0052	-0.0041
47.475	-0.0093	-0.0052	-0.0041
47.500	-0.0093	-0.0052	-0.0041
47.525	-0.0093	-0.0052	-0.0041
47.550	-0.0093	-0.0052	-0.0041
47.575	-0.0093	-0.0052	-0.0041
47.600	-0.0093	-0.0052	-0.0041
47.625	-0.0093	-0.0052	-0.0041
47.650	-0.0093	-0.0052	-0.0041
47.675	-0.0092	-0.0052	-0.0040
47.700	-0.0092	-0.0052	-0.0040
47.725	-0.0092	-0.0052	-0.0040
47.750	-0.0092	-0.0052	-0.0040
47.775	-0.0092	-0.0052	-0.0040
47.800	-0.0092	-0.0052	-0.0040
47.825	-0.0092	-0.0052	-0.0040
47.850	-0.0092	-0.0052	-0.0040
47.875	-0.0092	-0.0052	-0.0040
47.900	-0.0091	-0.0052	-0.0040
47.925	-0.0091	-0.0052	-0.0040
47.950	-0.0091	-0.0052	-0.0040
47.975	-0.0091	-0.0052	-0.0039
48.000	-0.0091	-0.0052	-0.0039
48.025	-0.0091	-0.0052	-0.0039
48.050	-0.0091	-0.0052	-0.0039
48.075	-0.0091	-0.0052	-0.0039
48.100	-0.0091	-0.0052	-0.0039
48.125	-0.0091	-0.0052	-0.0039
48.150	-0.0090	-0.0052	-0.0039
48.175	-0.0090	-0.0052	-0.0039
48.200	-0.0090	-0.0052	-0.0039
48.225	-0.0090	-0.0051	-0.0039
48.250	-0.0090	-0.0051	-0.0039
48.275	-0.0090	-0.0051	-0.0038
48.300	-0.0090	-0.0051	-0.0038
48.325	-0.0090	-0.0051	-0.0038
48.350	-0.0089	-0.0051	-0.0038
48.375	-0.0089	-0.0051	-0.0038
48.400	-0.0089	-0.0051	-0.0038
48.425	-0.0089	-0.0051	-0.0038
48.450	-0.0089	-0.0051	-0.0038
48.475	-0.0089	-0.0051	-0.0038
48.500	-0.0089	-0.0051	-0.0038
48.525	-0.0088	-0.0051	-0.0037
48.550	-0.0088	-0.0051	-0.0037
48.575	-0.0088	-0.0051	-0.0037
48.600	-0.0088	-0.0051	-0.0037
48.625	-0.0088	-0.0051	-0.0037
48.650	-0.0088	-0.0051	-0.0037
48.675	-0.0087	-0.0051	-0.0037
48.700	-0.0087	-0.0051	-0.0037
48.725	-0.0087	-0.0051	-0.0036
48.750	-0.0087	-0.0051	-0.0036
48.775	-0.0087	-0.0051	-0.0036
48.800	-0.0087	-0.0050	-0.0036
48.825	-0.0086	-0.0050	-0.0036
48.850	-0.0086	-0.0050	-0.0036
48.875	-0.0086	-0.0050	-0.0036
48.900	-0.0086	-0.0050	-0.0036
48.925	-0.0086	-0.0050	-0.0035
48.950	-0.0085	-0.0050	-0.0035
48.975	-0.0085	-0.0050	-0.0035
49.000	-0.0085	-0.0050	-0.0035
49.025	-0.0085	-0.0050	-0.0035
49.050	-0.0085	-0.0050	-0.0035
49.075	-0.0084	-0.0050	-0.0035
49.100	-0.0084	-0.0050	-0.0034
49.125	-0.0084	-0.0050	-0.0034
49.150	-0.0084	-0.0050	-0.0034
49.175	-0.0083	-0.0049	-0.0034
49.200	-0.0083	-0.0049	-0.0034
49.225	-0.0083	-0.0049	-0.0034
49.250	-0.0083	-0.0049	-0.0033
49.275	-0.0082	-0.0049	-0.0033
49.300	-0.0082	-0.0049	-0.0033
49.325	-0.0082	-0.0049	-0.0033
49.350	-0.0082	-0.0049	-0.0033
49.375	-0.0081	-0.0049	-0.0033
49.400	-0.0081	-0.0049	-0.0032
49.425	-0.0081	-0.0049	-0.0032
49.450	-0.0081	-0.0049	-0.0032
49.475	-0.0080	-0.0049	-0.0032
49.500	-0.0080	-0.0048	-0.0032
49.525	-0.0080	-0.0048	-0.0032
49.550	-0.0080	-0.0048	-0.0031
49.575	-0.0079	-0.0048	-0.0031
49.600	-0.0079	-0.0048	-0.0031
49.625	-0.0079	-0.0048	-0.0031
49.650	-0.0079	-0.0048	-0.0031
49.675	-0.0078	-0.0048	-0.0030
49.700	-0.0078	-0.0048	-0.0030
49.725	-0.0078	-0.0048	-0.0030
49.750	-0.0077	-0.0048	-0.0030
49.775	-0.0077	-0.0048	-0.0030
49.800	-0.0077	-0.0047	-0.0030
49.825	-0.0077	-0.0047	-0.0029
49.850	-0.0077	-0.0047	-0.0029
49.875	-0.0077	-0.0047	-0.0029
49.900	-0.0077	-0.0047	-0.0029
49.925	-0.0076	-0.0047	-0.0029
49.950	-0.0076	-0.0047	-0.0029
49.975	-0.0076	-0.0047	-0.0029
50.000	-0.0076	-0.0047	-0.0029
50.025	-0.0076	-0.0047	-0.0029
50.050	-0.0076	-0.0047	-0.0029
50.075	-0.0076	-0.0047	-0.0029
50.100	-0.0076	-0.0047	-0.0029
50.125	-0.0076	-0.0047	-0.0029
50.150	-0.0076	-0.0047	-0.0029
50.175	-0.0076	-0.0047	-0.0029
50.200	-0.0076	-0.0047	-0.0029
50.225	-0.0076	-0.0047	-0.0029
50.250	-0.0077	-0.0047	-0.0029
50.275	-0.0077	-0.0047	-0.0029
50.300	-0.0077	-0.0048	-0.0029
50.325	-0.0077	-0.0048	-0.0029
50.350	-0.0077	-0.0048	-0.0029
50.375	-0.0077	-0.0048	-0.0029
50.400	-0.0077	-0.0048	-0.0030
50.425	-0.0078	-0.0048	-0.0030
50.450	-0.0078	-0.0048	-0.0030
50.475	-0.0078	-0.0048	-0.0030
50.500	-0.0078	-0.0048	-0.0030
50.525	-0.0079	-0.0048	-0.0030
50.550	-0.0079	-0.0048	-0.0030
50.575	-0.0079	-0.0049	-0.0031
50.600	-0.0079	-0.0049	-0.0031
50.625	-0.0080	-0.0049	-0.0031
50.650	-0.0080	-0.0049	-0.0031
50.675	-0.0080	-0.0049	-0.0031
50.700	-0.0080	-0.0049	-0.0031
50.725	-0.0080	-0.0049	-0.0031
50.750	-0.0081	-0.0049	-0.0031
50.775	-0.0081	-0.0049	-0.0031
50.800	-0.0081	-0.0050	-0.0032
50.825	-0.0081	-0.0050	-0.0032
50.850	-0.0082	-0.0050	-0.0032
50.875	-0.0082	-0.0050	-0.0032
50.900	-0.0082	-0.0050	-0.0032
50.925	-0.0082	-0.0050	-0.0032
50.950	-0.0082	-0.0050	-0.0032
50.975	-0.0083	-0.0050	-0.0032
51.000	-0.0083	-0.0050	-0.0032
51.025	-0.0083	-0.0051	-0.0032
51.050	-0.0083	-0.0051	-0.0033
51.075	-0.0083	-0.0051	-0.0033
51.100	-0.0083	-0.0051	-0.0033
51.125	-0.0084	-0.0051	-0.0033
51.150	-0.0084	-0.0051	-0.0033
51.175	-0.0084	-0.0051	-0.0033
51.200	-0.0084	-0.0051	-0.0033
51.225	-0.0084	-0.0051	-0.0033
51.250	-0.0084	-0.0051	-0.0033
51.275	-0.0084	-0.0051	-0.0033
51.300	-0.0085	-0.0051	-0.0033
51.325	-0.0085	-0.0051	-0.0033
51.350	-0.0085	-0.0052	-0.0033
51.375	-0.0085	-0.0052	-0.0033
51.400	-0.0085	-0.0052	-0.0033
51.425	-0.0085	-0.0052	-0.0033
51.450	-0.0085	-0.0052	-0.0033
51.475	-0.0085	-0.0052	-0.0033
51.500	-0.0085	-0.0052	-0.0033
51.525	-0.0085	-0.0052	-0.0033
51.550	-0.0085	-0.0052	-0.0034
51.575	-0.0086	-0.0052	-0.0034
51.600	-0.0086	-0.0052	-0.0034
51.625	-0.0086	-0.0052	-0.0034
51.650	-0.0086	-0.0052	-0.0034
51.675	-0.0086	-0.0052	-0.0034
51.700	-0.0086	-0.0052	-0.0034
51.725	-0.0086	-0.0052	-0.0034
51.750	-0.0086	-0.0052	-0.0034
51.775	-0.0086	-0.0052	-0.0034
51.800	-0.0087	-0.0053	-0.0034
51.825	-0.0087	-0.0053	-0.0034
51.850	-0.0087	-0.0053	-0.0034
51.875	-0.0087	-0.0053	-0.0034
51.900	-0.0088	-0.0053	-0.0035
51.925	-0.0088	-0.0053	-0.0035
51.950	-0.0088	-0.0053	-0.0035
51.975	-0.0088	-0.0053	-0.0035
52.000	-0.0089	-0.0053	-0.0035
52.025	-0.0089	-0.0053	-0.0035
52.050	-0.0089	-0.0053	-0.0036
52.075	-0.0089	-0.0054	-0.0036
52.100	-0.0090	-0.0054	-0.0036
52.125	-0.0090	-0.0054	-0.0036
52.150	-0.0090	-0.0054	-0.0036
52.175	-0.0091	-0.0054	-0.0037
52.200	-0.0091	-0.0054	-0.0037
52.225	-0.0091	-0.0054	-0.0037
52.250	-0.0091	-0.0054	-0.0037
52.275	-0.0092	-0.0054	-0.0037
52.300	-0.0092	-0.0055	-0.0038
52.325	-0.0092	-0.0055	-0.0038
52.350	-0.0093	-0.0055	-0.0038
52.375	-0.0093	-0.0055	-0.0038
52.400	-0.0093	-0.0055	-0.0038
52.425	-0.0094	-0.0055	-0.0039
52.450	-0.0094	-0.0055	-0.0039
52.475	-0.0094	-0.0055	-0.0039
52.500	-0.0095	-0.0055	-0.0039
52.525	-0.0095	-0.0056	-0.0039
52.550	-0.0095	-0.0056	-0.0040
52.575	-0.0096	-0.0056	-0.0040
52.600	-0.0096	-0.0056	-0.0040
52.625	-0.0097	-0.0056	-0.0041
52.650	-0.0097	-0.0056	-0.0041
52.675	-0.0098	-0.0056	-0.0041
52.700	-0.0098	-0.0057	-0.0042
52.725	-0.0099	-0.0057	-0.0042
52.750	-0.0099	-0.0057	-0.0042
52.775	-0.0100	-0.0057	-0.0043
52.800	-0.0100	-0.0057	-0.0043
52.825	-0.0101	-0.0057	-0.0043
52.850	-0.0101	-0.0058	-0.0044
52.875	-0.0102	-0.0058	-0.0044
52.900	-0.0102	-0.0058	-0.0044
52.925	-0.0103	-0.0058	-0.0045
52.950	-0.0103	-0.0058	-0.0045
52.975	-0.0104	-0.0058	-0.0045
53.000	-0.0104	-0.0059	-0.0046
53.025	-0.0105	-0.0059	-0.0046
53.050	-0.0105	-0.0059	-0.0046
53.075	-0.0106	-0.0059	-0.0047
53.100	-0.0106	-0.0059	-0.0047
53.125	-0.0106	-0.0059	-0.0047
53.150	-0.0107	-0.0060	-0.0047
53.175	-0.0107	-0.0060	-0.0047
53.200	-0.0107	-0.0060	-0.0048
53.225	-0.0108	-0.0060	-0.0048
53.250	-0.0108	-0.0060	-0.0048
53.275	-0.0108	-0.0060	-0.0048
53.300	-0.0109	-0.0060	-0.0048
53.325	-0.0109	-0.0060	-0.0049
53.350	-0.0109	-0.0060	-0.0049
53.375	-0.0109	-0.0061	-0.0049
53.400	-0.0110	-0.0061	-0.0049
53.425	-0.0110	-0.0061	-0.0049
53.450	-0.0110	-0.0061	-0.0049
53.475	-0.0110	-0.0061	-0.0049
53.500	-0.0110	-0.0061	-0.0049
53.525	-0.0110	-0.0061	-0.0049
53.550	-0.0110	-0.0061	-0.0049
53.575	-0.0111	-0.0061	-0.0049
53.600	-0.0111	-0.0061	-0.0049
53.625	-0.0111	-0.0061	-0.0049
53.650	-0.0111	-0.0061	-0.0049
53.675	-0.0111	-0.0061	-0.0050
53.700	-0.0111	-0.0061	-0.0050
53.725	-0.0111	-0.0061	-0.0050
53.750	-0.0111	-0.0061	-0.0050
53.775	-0.0111	-0.0061	-0.0050
53.800	-0.0111	-0.0061	-0.0050
53.825	-0.0111	-0.0061	-0.0050
53.850	-0.0111	-0.0061	-0.0050
53.875	-0.0111	-0.0061	-0.0049
53.900	-0.0111	-0.0061	-0.0049
53.925	-0.0111	-0.0061	-0.0049
53.950	-0.0111	-0.0061	-0.0049
53.975	-0.0111	-0.0061	-0.0049
54.000	-0.0111	-0.0061	-0.0049
54.025	-0.0111	-0.0061	-0.0049
54.050	-0.0111	-0.0061	-0.0049
54.075	-0.0111	-0.0061	-0.0049
54.100	-0.0110	-0.0061	-0.0049
54.125	-0.0110	-0.0061	-0.0049
54.150	-0.0110	-0.0061	-0.0049
54.175	-0.0110	-0.0061	-0.0049
54.200	-0.0110	-0.0061	-0.0049
54.225	-0.0110	-0.0061	-0.0049
54.250	-0.0110	-0.0061	-0.0049
54.275	-0.0110	-0.0061	-0.0049
54.300	-0.0110	-0.0061	-0.0049
54.325	-0.0110	-0.0061	-0.0049
54.350	-0.0110	-0.0061	-0.0049
54.375	-0.0110	-0.0061	-0.0049
54.400	-0.0110	-0.0061	-0.0049
54.425	-0.0110	-0.0061	-0.0049
54.450	-0.0110	-0.0061	-0.0049
54.475	-0.0110	-0.0061	-0.0049
54.500	-0.0110	-0.0061	-0.0049
54.525	-0.0110	-0.0062	-0.0049
54.550	-0.0111	-0.0062	-0.0049
54.575	-0.0111	-0.0062	-0.0049
54.600	-0.0111	-0.0062	-0.0049
54.625	-0.0111	-0.0062	-0.0049
54.650	-0.0111	-0.0062	-0.0050
54.675	-0.0112	-0.0062	-0.0050
54.700	-0.0112	-0.0062	-0.0050
54.725	-0.0112	-0.0062	-0.0050
54.750	-0.0113	-0.0062	-0.0050
54.775	-0.0113	-0.0062	-0.0051
54.800	-0.0113	-0.0063	-0.0051
54.825	-0.0114	-0.0063	-0.0051
54.850	-0.0114	-0.0063	-0.0051
54.875	-0.0115	-0.0063	-0.0052
54.900	-0.0115	-0.0063	-0.0052
54.925	-0.0116	-0.0063	-0.0052
54.950	-0.0116	-0.0063	-0.0053
54.975	-0.0116	-0.0063	-0.0053
55.000	-0.0117	-0.0064	-0.0053
55.025	-0.0117	-0.0064	-0.0054
55.050	-0.0118	-0.0064	-0.0054
55.075	-0.0118	-0.0064	-0.0054
55.100	-0.0119	-0.0064	-0.0054
55.125	-0.0119	-0.0064	-0.0055
55.150	-0.0120	-0.0065	-0.0055
55.175	-0.0120	-0.0065	-0.0055
55.200	-0.0120	-0.0065	-0.0056
55.225	-0.0121	-0.0065	-0.0056
55.250	-0.0121	-0.0065	-0.0056
55.275	-0.0122	-0.0065	-0.0057
55.300	-0.0122	-0.0065	-0.0057
55.325	-0.0123	-0.0065	-0.0057
55.350	-0.0123	-0.0066	-0.0057
55.375	-0.0123	-0.0066	-0.0058
55.400	-0.0124	-0.0066	-0.0058
55.425	-0.0124	-0.0066	-0.0058
55.450	-0.0124	-0.0066	-0.0058
55.475	-0.0125	-0.0066	-0.0059
55.500	-0.0125	-0.0066	-0.0059
55.525	-0.0125	-0.0066	-0.0059
55.550	-0.0125	-0.0066	-0.0059
55.575	-0.0126	-0.0067	-0.0059
55.600	-0.0126	-0.0067	-0.0059
55.625	-0.0126	-0.0067	-0.0059
55.650	-0.0126	-0.0067	-0.0059
55.675	-0.0126	-0.0067	-0.0059
55.700	-0.0126	-0.0067	-0.0060
55.725	-0.0127	-0.0067	-0.0060
55.750	-0.0127	-0.0067	-0.0060
55.775	-0.0127	-0.0067	-0.0060
55.800	-0.0127	-0.0067	-0.0060
55.825	-0.0127	-0.0067	-0.0060
55.850	-0.0127	-0.0067	-0.0060
55.875	-0.0127	-0.0067	-0.0060
55.900	-0.0127	-0.0067	-0.0060
55.925	-0.0127	-0.0067	-0.0060
55.950	-0.0127	-0.0067	-0.0060
55.975	-0.0127	-0.0067	-0.0060
56.000	-0.0127	-0.0067	-0.0060
56.025	-0.0127	-0.0067	-0.0059
56.050	-0.0127	-0.0067	-0.0059
56.075	-0.0127	-0.0067	-0.0059
56.100	-0.0126	-0.0067	-0.0059
56.125	-0.0126	-0.0067	-0.0059
56.150	-0.0126	-0.0067	-0.0059
56.175	-0.0126	-0.0067	-0.0059
56.200	-0.0126	-0.0067	-0.0059
56.225	-0.0126	-0.0067	-0.0058
56.250	-0.0125	-0.0067	-0.0058
56.275	-0.0125	-0.0067	-0.0058
56.300	-0.0125	-0.0067	-0.0058
56.325	-0.0124	-0.0067	-0.0057
56.350	-0.0124	-0.0067	-0.0057
56.375	-0.0124	-0.0067	-0.0057
56.400	-0.0123	-0.0067	-0.0057
56.425	-0.0123	-0.0067	-0.0056
56.450	-0.0123	-0.0066	-0.0056
56.475	-0.0122	-0.0066	-0.0056
56.500	-0.0122	-0.0066	-0.0055
56.525	-0.0121	-0.0066	-0.0055
56.550	-0.0121	-0.0066	-0.0055
56.575	-0.0121	-0.0066	-0.0055
56.600	-0.0120	-0.0066	-0.0054
56.625	-0.0120	-0.0066	-0.0054
56.650	-0.0119	-0.0066	-0.0054
56.675	-0.0119	-0.0066	-0.0053
56.700	-0.0118	-0.0065	-0.0053
56.725	-0.0118	-0.0065	-0.0052
56.750	-0.0117	-0.0065	-0.0052
56.775	-0.0117	-0.0065	-0.0052
56.800	-0.0116	-0.0065	-0.0051
56.825	-0.0116	-0.0065	-0.0051
56.850	-0.0115	-0.0065	-0.0051
56.875	-0.0115	-0.0065	-0.0050
56.900	-0.0114	-0.0064	-0.0050
56.925	-0.0114	-0.0064	-0.0050
56.950	-0.0113	-0.0064	-0.0049
56.975	-0.0113	-0.0064	-0.0049
57.000	-0.0112	-0.0064	-0.0048
57.025	-0.0112	-0.0064	-0.0048
57.050	-0.0111	-0.0064	-0.0048
57.075	-0.0111	-0.0063	-0.0047
57.100	-0.0110	-0.0063	-0.0047
57.125	-0.0110	-0.0063	-0.0047
57.150	-0.0110	-0.0063	-0.0047
57.175	-0.0109	-0.0063	-0.0046
57.200	-0.0109	-0.0063	-0.0046
57.225	-0.0109	-0.0063	-0.0046
57.250	-0.0108	-0.0063	-0.0046
57.275	-0.0108	-0.0063	-0.0045
57.300	-0.0108	-0.0063	-0.0045
57.325	-0.0107	-0.0063	-0.0045
57.350	-0.0107	-0.0062	-0.0045
57.375	-0.0107	-0.0062	-0.0044
57.400	-0.0107	-0.0062	-0.0044
57.425	-0.0106	-0.0062	-0.0044
57.450	-0.0106	-0.0062	-0.0044
57.475	-0.0106	-0.0062	-0.0044
57.500	-0.0106	-0.0062	-0.0044
57.525	-0.0106	-0.0062	-0.0044
57.550	-0.0106	-0.0062	-0.0044
57.575	-0.0106	-0.0062	-0.0043
57.600	-0.0105	-0.0062	-0.0043
57.625	-0.0105	-0.0062	-0.0043
57.650	-0.0105	-0.0062	-0.0043
57.675	-0.0105	-0.0062	-0.0043
57.700	-0.0105	-0.0062	-0.0043
57.725	-0.0106	-0.0062	-0.0043
57.750	-0.0106	-0.0062	-0.0043
57.775	-0.0106	-0.0062	-0.0043
57.800	-0.0106	-0.0062	-0.0044
57.825	-0.0106	-0.0062	-0.0044
57.850	-0.0106	-0.0062	-0.0044
57.875	-0.0106	-0.0062	-0.0044
57.900	-0.0106	-0.0062	-0.0044
57.925	-0.0107	-0.0063	-0.0044
57.950	-0.0107	-0.0063	-0.0044
57.975	-0.0107	-0.0063	-0.0044
58.000	-0.0107	-0.0063	-0.0044
58.025	-0.0107	-0.0063	-0.0044
58.050	-0.0107	-0.0063	-0.0045
58.075	-0.0108	-0.0063	-0.0045
58.100	-0.0108	-0.0063	-0.0045
58.125	-0.0108	-0.0063	-0.0045
58.150	-0.0108	-0.0063	-0.0045
58.175	-0.0108	-0.0063	-0.0045
58.200	-0.0108	-0.0063	-0.0045
58.225	-0.0109	-0.0063	-0.0045
58.250	-0.0109	-0.0063	-0.0046
58.275	-0.0109	-0.0063	-0.0046
58.300	-0.0109	-0.0063	-0.0046
58.325	-0.0109	-0.0064	-0.0046
58.350	-0.0110	-0.0064	-0.0046
58.375	-0.0110	-0.0064	-0.0046
58.400	-0.0110	-0.0064	-0.0046
58.425	-0.0110	-0.0064	-0.0046
58.450	-0.0110	-0.0064	-0.0046
58.475	-0.0110	-0.0064	-0.0046
58.500	-0.0110	-0.0064	-0.0047
58.525	-0.0111	-0.0064	-0.0047
58.550	-0.0111	-0.0064	-0.0047
58.575	-0.0111	-0.0064	-0.0047
58.600	-0.0111	-0.0064	-0.0047
58.625	-0.0111	-0.0064	-0.0047
58.650	-0.0111	-0.0064	-0.0047
58.675	-0.0111	-0.0064	-0.0047
58.700	-0.0111	-0.0064	-0.0047
58.725	-0.0111	-0.0064	-0.0047
58.750	-0.0112	-0.0064	-0.0047
58.775	-0.0112	-0.0064	-0.0047
58.800	-0.0112	-0.0064	-0.0047
58.825	-0.0112	-0.0064	-0.0047
58.850	-0.0112	-0.0064	-0.0048
58.875	-0.0112	-0.0064	-0.0048
58.900	-0.0112	-0.0064	-0.0048
58.925	-0.0112	-0.0064	-0.0048
58.950	-0.0112	-0.0064	-0.0048
58.975	-0.0112	-0.0064	-0.0048
59.000	-0.0112	-0.0064	-0.0048
59.025	-0.0112	-0.0064	-0.0048
59.050	-0.0112	-0.0064	-0.0048
59.075	-0.0112	-0.0064	-0.0048
59.100	-0.0112	-0.0064	-0.0048
59.125	-0.0112	-0.0064	-0.0048
59.150	-0.0112	-0.0064	-0.0048
59.175	-0.0112	-0.0064	-0.0048
59.200	-0.0112	-0.0064	-0.0048
59.225	-0.0112	-0.0064	-0.0048
59.250	-0.0112	-0.0064	-0.0048
59.275	-0.0112	-0.0064	-0.0047
59.300	-0.0112	-0.0064	-0.0047
59.325	-0.0112	-0.0064	-0.0047
59.350	-0.0112	-0.0064	-0.0047
59.375	-0.0111	-0.0064	-0.0047
59.400	-0.0111	-0.0064	-0.0047
59.425	-0.0111	-0.0064	-0.0047
59.450	-0.0111	-0.0064	-0.0047
59.475	-0.0111	-0.0064	-0.0047
59.500	-0.0111	-0.0064	-0.0047
59.525	-0.0111	-0.0064	-0.0047
59.550	-0.0111	-0.0064	-0.0047
59.575	-0.0111	-0.0064	-0.0047
59.600	-0.0110	-0.0064	-0.0047
59.625	-0.0110	-0.0064	-0.0047
59.650	-0.0110	-0.0064	-0.0046
59.675	-0.0110	-0.0064	-0.0046
59.700	-0.0110	-0.0064	-0.0046
59.725	-0.0110	-0.0064	-0.0046
59.750	-0.0109	-0.0063	-0.0046
59.775	-0.0109	-0.0063	-0.0046
59.800	-0.0109	-0.0063	-0.0046
59.825	-0.0109	-0.0063	-0.0046
59.850	-0.0109	-0.0063	-0.0045
59.875	-0.0109	-0.0063	-0.0045
59.900	-0.0108	-0.0063	-0.0045
59.925	-0.0108	-0.0063	-0.0045
59.950	-0.0108	-0.0063	-0.0045
59.975	-0.0108	-0.0063	-0.0045
60.000	-0.0107	-0.0063	-0.0045
60.025	-0.0107	-0.0063	-0.0044
60.050	-0.0107	-0.0063	-0.0044
60.075	-0.0107	-0.0063	-0.0044
60.100	-0.0107	-0.0063	-0.0044
60.125	-0.0106	-0.0063	-0.0044
60.150	-0.0106	-0.0062	-0.0044
60.175	-0.0106	-0.0062	-0.0043
60.200	-0.0106	-0.0062	-0.0043
60.225	-0.0105	-0.0062	-0.0043
60.250	-0.0105	-0.0062	-0.0043
60.275	-0.0105	-0.0062	-0.0043
60.300	-0.0104	-0.0062	-0.0042
60.325	-0.0104	-0.0062	-0.0042
60.350	-0.0104	-0.0062	-0.0042
60.375	-0.0104	-0.0062	-0.0042
60.400	-0.0103	-0.0062	-0.0042
60.425	-0.0103	-0.0062	-0.0041
60.450	-0.0103	-0.0061	-0.0041
60.475	-0.0102	-0.0061	-0.0041
60.500	-0.0102	-0.0061	-0.0041
60.525	-0.0102	-0.0061	-0.0040
60.550	-0.0101	-0.0061	-0.0040
60.575	-0.0101	-0.0061	-0.0040
60.600	-0.0100	-0.0061	-0.0039
60.625	-0.0100	-0.0061	-0.0039
60.650	-0.0099	-0.0061	-0.0039
60.675	-0.0099	-0.0060	-0.0038
60.700	-0.0098	-0.0060	-0.0038
60.725	-0.0098	-0.0060	-0.0038
60.750	-0.0097	-0.0060	-0.0037
60.775	-0.0097	-0.0060	-0.0037
60.800	-0.0096	-0.0060	-0.0036
60.825	-0.0096	-0.0060	-0.0036
60.850	-0.0095	-0.0060	-0.0036
60.875	-0.0095	-0.0059	-0.0035
60.900	-0.0094	-0.0059	-0.0035
60.925	-0.0093	-0.0059	-0.0034
60.950	-0.0093	-0.0059	-0.0034
60.975	-0.0092	-0.0059	-0.0033
61.000	-0.0092	-0.0059	-0.0033
61.025	-0.0091	-0.0059	-0.0033
61.050	-0.0091	-0.0058	-0.0032
61.075	-0.0090	-0.0058	-0.0032
61.100	-0.0089	-0.0058	-0.0031
61.125	-0.0089	-0.0058	-0.0031
61.150	-0.0088	-0.0058	-0.0030
61.175	-0.0087	-0.0058	-0.0030
61.200	-0.0087	-0.0057	-0.0029
61.225	-0.0086	-0.0057	-0.0029
61.250	-0.0086	-0.0057	-0.0028
61.275	-0.0085	-0.0057	-0.0028
61.300	-0.0084	-0.0057	-0.0028
61.325	-0.0084	-0.0057	-0.0027
61.350	-0.0083	-0.0057	-0.0027
61.375	-0.0083	-0.0056	-0.0026
61.400	-0.0082	-0.0056	-0.0026
61.425	-0.0081	-0.0056	-0.0025
61.450	-0.0081	-0.0056	-0.0025
61.475	-0.0080	-0.0056	-0.0024
61.500	-0.0079	-0.0056	-0.0024
61.525	-0.0079	-0.0055	-0.0023
61.550	-0.0078	-0.0055	-0.0023
61.575	-0.0078	-0.0055	-0.0022
61.600	-0.0077	-0.0055	-0.0022
61.625	-0.0076	-0.0055	-0.0022
61.650	-0.0076	-0.0055	-0.0021
61.675	-0.0075	-0.0054	-0.0021
61.700	-0.0074	-0.0054	-0.0020
61.725	-0.0074	-0.0054	-0.0020
61.750	-0.0073	-0.0054	-0.0019
61.775	-0.0073	-0.0054	-0.0019
61.800	-0.0072	-0.0054	-0.0018
61.825	-0.0071	-0.0053	-0.0018
61.850	-0.0071	-0.0053	-0.0018
61.875	-0.0070	-0.0053	-0.0017
61.900	-0.0069	-0.0053	-0.0017
61.925	-0.0069	-0.0053	-0.0016
61.950	-0.0068	-0.0053	-0.0016
61.975	-0.0068	-0.0052	-0.0015
62.000	-0.0067	-0.0052	-0.0015
62.025	-0.0066	-0.0052	-0.0014
62.050	-0.0066	-0.0052	-0.0014
62.075	-0.0065	-0.0052	-0.0014
62.100	-0.0065	-0.0052	-0.0013
62.125	-0.0064	-0.0051	-0.0013
62.150	-0.0063	-0.0051	-0.0012
62.175	-0.0063	-0.0051	-0.0012
62.200	-0.0062	-0.0051	-0.0011
62.225	-0.0062	-0.0051	-0.0011
62.250	-0.0061	-0.0051	-0.0010
62.275	-0.0060	-0.0050	-0.0010
62.300	-0.0060	-0.0050	-0.0010
62.325	-0.0059	-0.0050	-0.0009
62.350	-0.0059	-0.0050	-0.0009
62.375	-0.0058	-0.0050	-0.0008
62.400	-0.0058	-0.0050	-0.0008
62.425	-0.0057	-0.0050	-0.0008
62.450	-0.0057	-0.0049	-0.0007
62.475	-0.0056	-0.0049	-0.0007
62.500	-0.0056	-0.0049	-0.0006
62.525	-0.0055	-0.0049	-0.0006
62.550	-0.0055	-0.0049	-0.0006
62.575	-0.0054	-0.0049	-0.0006
62.600	-0.0054	-0.0049	-0.0005
62.625	-0.0054	-0.0049	-0.0005
62.650	-0.0053	-0.0049	-0.0005
62.675	-0.0053	-0.0048	-0.0005
62.700	-0.0053	-0.0048	-0.0004
62.725	-0.0052	-0.0048	-0.0004
62.750	-0.0052	-0.0048	-0.0004
62.775	-0.0052	-0.0048	-0.0004
62.800	-0.0052	-0.0048	-0.0004
62.825	-0.0052	-0.0048	-0.0003
62.850	-0.0051	-0.0048	-0.0003
62.875	-0.0051	-0.0048	-0.0003
62.900	-0.0051	-0.0048	-0.0003
62.925	-0.0051	-0.0048	-0.0003
62.950	-0.0051	-0.0048	-0.0003
62.975	-0.0050	-0.0048	-0.0003
63.000	-0.0050	-0.0048	-0.0002
63.025	-0.0050	-0.0048	-0.0002
63.050	-0.0050	-0.0048	-0.0002
63.075	-0.0050	-0.0048	-0.0002
63.100	-0.0050	-0.0048	-0.0002
63.125	-0.0050	-0.0048	-0.0002
63.150	-0.0049	-0.0048	-0.0002
63.175	-0.0049	-0.0048	-0.0002
63.200	-0.0049	-0.0048	-0.0001
63.225	-0.0049	-0.0048	-0.0001
63.250	-0.0049	-0.0048	-0.0001
63.275	-0.0049	-0.0048	-0.0001
63.300	-0.0049	-0.0048	-0.0001
63.325	-0.0049	-0.0048	-0.0001
63.350	-0.0048	-0.0048	-0.0001
63.375	-0.0048	-0.0048	-0.0001
63.400	-0.0048	-0.0048	-0.0001
63.425	-0.0048	-0.0048	-0.0001
63.450	-0.0048	-0.0048	-0.0000
63.475	-0.0048	-0.0048	-0.0000
63.500	-0.0048	-0.0048	-0.0000
63.525	-0.0048	-0.0047	-0.0000
63.550	-0.0048	-0.0047	-0.0000
63.575	-0.0047	-0.0047	0.0000
63.600	-0.0047	-0.0047	0.0000
63.625	-0.0047	-0.0047	0.0000
63.650	-0.0047	-0.0047	0.0000
63.675	-0.0047	-0.0047	0.0000
63.700	-0.0047	-0.0047	0.0001
63.725	-0.0047	-0.0047	0.0001
63.750	-0.0046	-0.0047	0.0001
63.775	-0.0046	-0.0047	0.0001
63.800	-0.0046	-0.0047	0.0001
63.825	-0.0046	-0.0047	0.0001
63.850	-0.0046	-0.0047	0.0001
63.875	-0.0046	-0.0047	0.0001
63.900	-0.0046	-0.0047	0.0001
63.925	-0.0045	-0.0047	0.0002
63.950	-0.0045	-0.0047	0.0002
63.975	-0.0045	-0.0047	0.0002
64.000	-0.0045	-0.0047	0.0002
64.025	-0.0045	-0.0047	0.0002
64.050	-0.0045	-0.0047	0.0002
64.075	-0.0045	-0.0047	0.0002
64.100	-0.0044	-0.0047	0.0002
64.125	-0.0044	-0.0047	0.0003
64.150	-0.0044	-0.0047	0.0003
64.175	-0.0044	-0.0047	0.0003
64.200	-0.0044	-0.0047	0.0003
64.225	-0.0043	-0.0047	0.0003
64.250	-0.0043	-0.0047	0.0003
64.275	-0.0043	-0.0047	0.0003
64.300	-0.0043	-0.0046	0.0004
64.325	-0.0043	-0.0046	0.0004
64.350	-0.0043	-0.0046	0.0004
64.375	-0.0042	-0.0046	0.0004
64.400	-0.0042	-0.0046	0.0004
64.425	-0.0042	-0.0046	0.0004
64.450	-0.0042	-0.0046	0.0004
64.475	-0.0042	-0.0046	0.0005
64.500	-0.0041	-0.0046	0.0005
64.525	-0.0041	-0.0046	0.0005
64.550	-0.0041	-0.0046	0.0005
64.575	-0.0041	-0.0046	0.0005
64.600	-0.0041	-0.0046	0.0005
64.625	-0.0041	-0.0046	0.0005
64.650	-0.0041	-0.0046	0.0005
64.675	-0.0041	-0.0046	0.0005
64.700	-0.0041	-0.0046	0.0005
64.725	-0.0041	-0.0046	0.0005
64.750	-0.0041	-0.0046	0.0005
64.775	-0.0041	-0.0046	0.0005
64.800	-0.0041	-0.0046	0.0005
64.825	-0.0041	-0.0046	0.0005
64.850	-0.0041	-0.0046	0.0005
64.875	-0.0041	-0.0046	0.0005
64.900	-0.0041	-0.0046	0.0005
64.925	-0.0041	-0.0046	0.0005
64.950	-0.0041	-0.0046	0.0005
64.975	-0.0041	-0.0046	0.0005
65.000	-0.0041	-0.0046	0.0005
65.025	-0.0041	-0.0046	0.0005
65.050	-0.0041	-0.0046	0.0005
65.075	-0.0042	-0.0046	0.0005
65.100	-0.0042	-0.0046	0.0005
65.125	-0.0042	-0.0046	0.0005
65.150	-0.0042	-0.0047	0.0005
65.175	-0.0042	-0.0047	0.0004
65.200	-0.0042	-0.0047	0.0004
65.225	-0.0042	-0.0047	0.0004
65.250	-0.0043	-0.0047	0.0004
65.275	-0.0043	-0.0047	0.0004
65.300	-0.0043	-0.0047	0.0004
65.325	-0.0043	-0.0047	0.0004
65.350	-0.0043	-0.0047	0.0004
65.375	-0.0043	-0.0047	0.0004
65.400	-0.0043	-0.0047	0.0004
65.425	-0.0043	-0.0047	0.0004
65.450	-0.0044	-0.0047	0.0003
65.475	-0.0044	-0.0047	0.0003
65.500	-0.0044	-0.0047	0.0003
65.525	-0.0044	-0.0047	0.0003
65.550	-0.0044	-0.0047	0.0003
65.575	-0.0044	-0.0047	0.0003
65.600	-0.0044	-0.0047	0.0003
65.625	-0.0044	-0.0047	0.0003
65.650	-0.0045	-0.0047	0.0003
65.675	-0.0045	-0.0047	0.0003
65.700	-0.0045	-0.0048	0.0003
65.725	-0.0045	-0.0048	0.0003
65.750	-0.0045	-0.0048	0.0003
65.775	-0.0045	-0.0048	0.0003
65.800	-0.0045	-0.0048	0.0003
65.825	-0.0045	-0.0048	0.0003
65.850	-0.0045	-0.0048	0.0002
65.875	-0.0045	-0.0048	0.0002
65.900	-0.0045	-0.0048	0.0002
65.925	-0.0045	-0.0048	0.0002
65.950	-0.0045	-0.0048	0.0002
65.975	-0.0045	-0.0048	0.0002
66.000	-0.0046	-0.0048	0.0002
66.025	-0.0046	-0.0048	0.0002
66.050	-0.0046	-0.0048	0.0002
66.075	-0.0046	-0.0048	0.0002
66.100	-0.0046	-0.0048	0.0002
66.125	-0.0046	-0.0048	0.0002
66.150	-0.0046	-0.0048	0.0002
66.175	-0.0046	-0.0048	0.0002
66.200	-0.0046	-0.0048	0.0002
66.225	-0.0046	-0.0048	0.0002
66.250	-0.0046	-0.0048	0.0002
66.275	-0.0046	-0.0048	0.0002
66.300	-0.0046	-0.0048	0.0002
66.325	-0.0046	-0.0048	0.0002
66.350	-0.0046	-0.0048	0.0002
66.375	-0.0046	-0.0048	0.0002
66.400	-0.0046	-0.0048	0.0002
66.425	-0.0045	-0.0048	0.0002
66.450	-0.0045	-0.0048	0.0002
66.475	-0.0045	-0.0048	0.0002
66.500	-0.0045	-0.0048	0.0002
66.525	-0.0045	-0.0048	0.0002
66.550	-0.0045	-0.0048	0.0003
66.575	-0.0045	-0.0048	0.0003
66.600	-0.0045	-0.0048	0.0003
66.625	-0.0045	-0.0048	0.0003
66.650	-0.0045	-0.0048	0.0003
66.675	-0.0045	-0.0048	0.0003
66.700	-0.0045	-0.0048	0.0003
66.725	-0.0045	-0.0048	0.0003
66.750	-0.0045	-0.0048	0.0003
66.775	-0.0044	-0.0047	0.0003
66.800	-0.0044	-0.0047	0.0003
66.825	-0.0044	-0.0047	0.0003
66.850	-0.0044	-0.0047	0.0003
66.875	-0.0044	-0.0047	0.0003
66.900	-0.0044	-0.0047	0.0003
66.925	-0.0044	-0.0047	0.0003
66.950	-0.0044	-0.0047	0.0004
66.975	-0.0044	-0.0047	0.0004
67.000	-0.0043	-0.0047	0.0004
67.025	-0.0043	-0.0047	0.0004
67.050	-0.0043	-0.0047	0.0004
67.075	-0.0043	-0.0047	0.0004
67.100	-0.0043	-0.0047	0.0004
67.125	-0.0043	-0.0047	0.0004
67.150	-0.0043	-0.0047	0.0004
67.175	-0.0042	-0.0047	0.0004
67.200	-0.0042	-0.0047	0.0005
67.225	-0.0042	-0.0047	0.0005
67.250	-0.0042	-0.0047	0.0005
67.275	-0.0042	-0.0047	0.0005
67.300	-0.0042	-0.0047	0.0005
67.325	-0.0041	-0.0047	0.0005
67.350	-0.0041	-0.0046	0.0005
67.375	-0.0041	-0.0046	0.0005
67.400	-0.0041	-0.0046	0.0005
67.425	-0.0041	-0.0046	0.0006
67.450	-0.0041	-0.0046	0.0006
67.475	-0.0040	-0.0046	0.0006
67.500	-0.0040	-0.0046	0.0006
67.525	-0.0040	-0.0046	0.0006
67.550	-0.0040	-0.0046	0.0006
67.575	-0.0040	-0.0046	0.0006
67.600	-0.0040	-0.0046	0.0006
67.625	-0.0040	-0.0046	0.0006
67.650	-0.0040	-0.0046	0.0006
67.675	-0.0040	-0.0046	0.0006
67.700	-0.0040	-0.0046	0.0006
67.725	-0.0040	-0.0046	0.0006
67.750	-0.0040	-0.0046	0.0006
67.775	-0.0040	-0.0046	0.0006
67.800	-0.0040	-0.0046	0.0006
67.825	-0.0040	-0.0046	0.0006
67.850	-0.0040	-0.0046	0.0006
67.875	-0.0040	-0.0046	0.0006
67.900	-0.0040	-0.0046	0.0006
67.925	-0.0041	-0.0046	0.0006
67.950	-0.0041	-0.0046	0.0006
67.975	-0.0041	-0.0046	0.0006
68.000	-0.0041	-0.0046	0.0005
68.025	-0.0041	-0.0046	0.0005
68.050	-0.0041	-0.0046	0.0005
68.075	-0.0041	-0.0047	0.0005
68.100	-0.0041	-0.0047	0.0005
68.125	-0.0042	-0.0047	0.0005
68.150	-0.0042	-0.0047	0.0005
68.175	-0.0042	-0.0047	0.0005
68.200	-0.0042	-0.0047	0.0005
68.225	-0.0042	-0.0047	0.0005
68.250	-0.0042	-0.0047	0.0004
68.275	-0.0043	-0.0047	0.0004
68.300	-0.0043	-0.0047	0.0004
68.325	-0.0043	-0.0047	0.0004
68.350	-0.0043	-0.0047	0.0004
68.375	-0.0043	-0.0047	0.0004
68.400	-0.0043	-0.0047	0.0004
68.425	-0.0043	-0.0047	0.0004
68.450	-0.0044	-0.0047	0.0004
68.475	-0.0044	-0.0047	0.0004
68.500	-0.0044	-0.0047	0.0003
68.525	-0.0044	-0.0047	0.0003
68.550	-0.0044	-0.0047	0.0003
68.575	-0.0044	-0.0047	0.0003
68.600	-0.0044	-0.0047	0.0003
68.625	-0.0044	-0.0047	0.0003
68.650	-0.0044	-0.0047	0.0003
68.675	-0.0045	-0.0048	0.0003
68.700	-0.0045	-0.0048	0.0003
68.725	-0.0045	-0.0048	0.0003
68.750	-0.0045	-0.0048	0.0003
68.775	-0.0045	-0.0048	0.0003
68.800	-0.0045	-0.0048	0.0003
68.825	-0.0045	-0.0048	0.0003
68.850	-0.0045	-0.0048	0.0003
68.875	-0.0045	-0.0048	0.0002
68.900	-0.0045	-0.0048	0.0002
68.925	-0.0045	-0.0048	0.0002
68.950	-0.0045	-0.0048	0.0002
68.975	-0.0045	-0.0048	0.0002
69.000	-0.0045	-0.0048	0.0002
69.025	-0.0045	-0.0048	0.0002
69.050	-0.0046	-0.0048	0.0002
69.075	-0.0046	-0.0048	0.0002
69.100	-0.0046	-0.0048	0.0002
69.125	-0.0046	-0.0048	0.0002
69.150	-0.0046	-0.0048	0.0002
69.175	-0.0046	-0.0048	0.0002
69.200	-0.0046	-0.0048	0.0002
69.225	-0.0046	-0.0048	0.0002
69.250	-0.0046	-0.0048	0.0002
69.275	-0.0046	-0.0048	0.0002
69.300	-0.0046	-0.0048	0.0002
69.325	-0.0046	-0.0048	0.0002
69.350	-0.0045	-0.0048	0.0002
69.375	-0.0045	-0.0048	0.0002
69.400	-0.0045	-0.0048	0.0002
69.425	-0.0045	-0.0048	0.0002
69.450	-0.0045	-0.0048	0.0002
69.475	-0.0045	-0.0048	0.0002
69.500	-0.0045	-0.0048	0.0002
69.525	-0.0045	-0.0048	0.0002
69.550	-0.0045	-0.0048	0.0002
69.575	-0.0045	-0.0048	0.0002
69.600	-0.0045	-0.0048	0.0003
69.625	-0.0045	-0.0047	0.0003
69.650	-0.0045	-0.0047	0.0003
69.675	-0.0045	-0.0047	0.0003
69.700	-0.0045	-0.0047	0.0003
69.725	-0.0045	-0.0047	0.0003
69.750	-0.0044	-0.0047	0.0003
69.775	-0.0044	-0.0047	0.0003
69.800	-0.0044	-0.0047	0.0003
69.825	-0.0044	-0.0047	0.0003
69.850	-0.0044	-0.0047	0.0003
69.875	-0.0044	-0.0047	0.0003
69.900	-0.0044	-0.0047	0.0003
69.925	-0.0044	-0.0047	0.0003
69.950	-0.0044	-0.0047	0.0003
69.975	-0.0043	-0.0047	0.0003
70.000	-0.0043	-0.0047	0.0004
70.025	-0.0043	-0.0047	0.0004
70.050	-0.0043	-0.0047	0.0004
70.075	-0.0043	-0.0047	0.0004
70.100	-0.0043	-0.0047	0.0004
70.125	-0.0043	-0.0047	0.0004
70.150	-0.0042	-0.0047	0.0004
70.175	-0.0042	-0.0047	0.0004
70.200	-0.0042	-0.0046	0.0004
70.225	-0.0042	-0.0046	0.0004
70.250	-0.0042	-0.0046	0.0005
70.275	-0.0042	-0.0046	0.0005
70.300	-0.0041	-0.0046	0.0005
70.325	-0.0041	-0.0046	0.0005
70.350	-0.0041	-0.0046	0.0005
70.375	-0.0041	-0.0046	0.0005
70.400	-0.0041	-0.0046	0.0005
70.425	-0.0041	-0.0046	0.0005
70.450	-0.0040	-0.0046	0.0005
70.475	-0.0040	-0.0046	0.0006
70.500	-0.0040	-0.0046	0.0006
70.525	-0.0040	-0.0046	0.0006
70.550	-0.0040	-0.0046	0.0006
70.575	-0.0039	-0.0046	0.0006
70.600	-0.0039	-0.0045	0.0006
70.625	-0.0039	-0.0045	0.0006
70.650	-0.0039	-0.0045	0.0007
70.675	-0.0039	-0.0045	0.0007
70.700	-0.0038	-0.0045	0.0007
70.725	-0.0038	-0.0045	0.0007
70.750	-0.0038	-0.0045	0.0007
70.775	-0.0038	-0.0045	0.0007
70.800	-0.0037	-0.0045	0.0007
70.825	-0.0037	-0.0045	0.0008
70.850	-0.0037	-0.0045	0.0008
70.875	-0.0037	-0.0045	0.0008
70.900	-0.0037	-0.0045	0.0008
70.925	-0.0036	-0.0044	0.0008
70.950	-0.0036	-0.0044	0.0008
70.975	-0.0036	-0.0044	0.0008
71.000	-0.0036	-0.0044	0.0009
71.025	-0.0035	-0.0044	0.0009
71.050	-0.0035	-0.0044	0.0009
71.075	-0.0035	-0.0044	0.0009
71.100	-0.0035	-0.0044	0.0009
71.125	-0.0034	-0.0044	0.0009
71.150	-0.0034	-0.0044	0.0010
71.175	-0.0034	-0.0044	0.0010
71.200	-0.0034	-0.0044	0.0010
71.225	-0.0033	-0.0044	0.0010
71.250	-0.0033	-0.0043	0.0010
71.275	-0.0033	-0.0043	0.0010
71.300	-0.0033	-0.0043	0.0011
71.325	-0.0032	-0.0043	0.0011
71.350	-0.0032	-0.0043	0.0011
71.375	-0.0032	-0.0043	0.0011
71.400	-0.0032	-0.0043	0.0011
71.425	-0.0031	-0.0043	0.0012
71.450	-0.0031	-0.0043	0.0012
71.475	-0.0031	-0.0043	0.0012
71.500	-0.0030	-0.0043	0.0012
71.525	-0.0030	-0.0042	0.0012
71.550	-0.0030	-0.0042	0.0012
71.575	-0.0030	-0.0042	0.0013
71.600	-0.0029	-0.0042	0.0013
71.625	-0.0029	-0.0042	0.0013
71.650	-0.0029	-0.0042	0.0013
71.675	-0.0029	-0.0042	0.0013
71.700	-0.0028	-0.0042	0.0014
71.725	-0.0028	-0.0042	0.0014
71.750	-0.0028	-0.0042	0.0014
71.775	-0.0027	-0.0042	0.0014
71.800	-0.0027	-0.0041	0.0014
71.825	-0.0027	-0.0041	0.0014
71.850	-0.0027	-0.0041	0.0015
71.875	-0.0026	-0.0041	0.0015
71.900	-0.0026	-0.0041	0.0015
71.925	-0.0026	-0.0041	0.0015
71.950	-0.0025	-0.0041	0.0015
71.975	-0.0025	-0.0041	0.0016
72.000	-0.0025	-0.0041	0.0016
72.025	-0.0025	-0.0041	0.0016
72.050	-0.0024	-0.0040	0.0016
72.075	-0.0024	-0.0040	0.0016
72.100	-0.0024	-0.0040	0.0017
72.125	-0.0023	-0.0040	0.0017
72.150	-0.0023	-0.0040	0.0017
72.175	-0.0023	-0.0040	0.0017
72.200	-0.0022	-0.0040	0.0017
72.225	-0.0022	-0.0040	0.0018
72.250	-0.0022	-0.0040	0.0018
72.275	-0.0022	-0.0040	0.0018
72.300	-0.0021	-0.0040	0.0018
72.325	-0.0021	-0.0039	0.0018
72.350	-0.0021	-0.0039	0.0019
72.375	-0.0020	-0.0039	0.0019
72.400	-0.0020	-0.0039	0.0019
72.425	-0.0020	-0.0039	0.0019
72.450	-0.0019	-0.0039	0.0019
72.475	-0.0019	-0.0039	0.0020
72.500	-0.0019	-0.0039	0.0020
72.525	-0.0019	-0.0039	0.0020
72.550	-0.0018	-0.0039	0.0020
72.575	-0.0018	-0.0038	0.0021
72.600	-0.0017	-0.0038	0.0021
72.625	-0.0017	-0.0038	0.0021
72.650	-0.0017	-0.0038	0.0021
72.675	-0.0016	-0.0038	0.0022
72.700	-0.0016	-0.0038	0.0022
72.725	-0.0015	-0.0038	0.0022
72.750	-0.0015	-0.0038	0.0023
72.775	-0.0014	-0.0038	0.0023
72.800	-0.0014	-0.0037	0.0023
72.825	-0.0013	-0.0037	0.0024
72.850	-0.0013	-0.0037	0.0024
72.875	-0.0012	-0.0037	0.0025
72.900	-0.0012	-0.0037	0.0025
72.925	-0.0011	-0.0037	0.0025
72.950	-0.0011	-0.0037	0.0026
72.975	-0.0010	-0.0036	0.0026
73.000	-0.0010	-0.0036	0.0026
73.025	-0.0009	-0.0036	0.0027
73.050	-0.0009	-0.0036	0.0027
73.075	-0.0008	-0.0036	0.0028
73.100	-0.0008	-0.0036	0.0028
73.125	-0.0007	-0.0036	0.0028
73.150	-0.0007	-0.0035	0.0029
73.175	-0.0006	-0.0035	0.0029
73.200	-0.0006	-0.0035	0.0030
73.225	-0.0005	-0.0035	0.0030
73.250	-0.0005	-0.0035	0.0030
73.275	-0.0004	-0.0035	0.0031
73.300	-0.0003	-0.0035	0.0031
73.325	-0.0003	-0.0034	0.0031
73.350	-0.0002	-0.0034	0.0032
73.375	-0.0002	-0.0034	0.0032
73.400	-0.0001	-0.0034	0.0033
73.425	-0.0001	-0.0034	0.0033
73.450	-0.0000	-0.0034	0.0033
73.475	0.0000	-0.0033	0.0034
73.500	0.0001	-0.0033	0.0034
73.525	0.0001	-0.0033	0.0034
73.550	0.0002	-0.0033	0.0035
73.575	0.0002	-0.0033	0.0035
73.600	0.0003	-0.0033	0.0036
73.625	0.0003	-0.0033	0.0036
73.650	0.0004	-0.0032	0.0036
73.675	0.0004	-0.0032	0.0037
73.700	0.0005	-0.0032	0.0037
73.725	0.0005	-0.0032	0.0037
73.750	0.0006	-0.0032	0.0038
73.775	0.0006	-0.0032	0.0038
73.800	0.0007	-0.0031	0.0038
73.825	0.0007	-0.0031	0.0039
73.850	0.0008	-0.0031	0.0039
73.875	0.0008	-0.0031	0.0039
73.900	0.0009	-0.0031	0.0040
73.925	0.0009	-0.0031	0.0040
73.950	0.0010	-0.0031	0.0040
73.975	0.0010	-0.0030	0.0041
74.000	0.0011	-0.0030	0.0041
74.025	0.0011	-0.0030	0.0041
74.050	0.0012	-0.0030	0.0042
74.075	0.0012	-0.0030	0.0042
74.100	0.0013	-0.0030	0.0042
74.125	0.0013	-0.0030	0.0043
74.150	0.0013	-0.0029	0.0043
74.175	0.0014	-0.0029	0.0043
74.200	0.0014	-0.0029	0.0044
74.225	0.0015	-0.0029	0.0044
74.250	0.0015	-0.0029	0.0044
74.275	0.0016	-0.0029	0.0044
74.300	0.0016	-0.0029	0.0045
74.325	0.0017	-0.0028	0.0045
74.350	0.0017	-0.0028	0.0045
74.375	0.0017	-0.0028	0.0046
74.400	0.0018	-0.0028	0.0046
74.425	0.0018	-0.0028	0.0046
74.450	0.0019	-0.0028	0.0046
74.475	0.0019	-0.0028	0.0047
74.500	0.0019	-0.0028	0.0047
74.525	0.0020	-0.0027	0.0047
74.550	0.0020	-0.0027	0.0048
74.575	0.0021	-0.0027	0.0048
74.600	0.0021	-0.0027	0.0048
74.625	0.0021	-0.0027	0.0048
74.650	0.0022	-0.0027	0.0049
74.675	0.0022	-0.0027	0.0049
74.700	0.0023	-0.0027	0.0049
74.725	0.0023	-0.0026	0.0050
74.750	0.0024	-0.0026	0.0050
74.775	0.0024	-0.0026	0.0050
74.800	0.0025	-0.0026	0.0051
74.825	0.0025	-0.0026	0.0051
74.850	0.0026	-0.0026	0.0051
74.875	0.0026	-0.0026	0.0052
74.900	0.0027	-0.0025	0.0052
74.925	0.0027	-0.0025	0.0052
74.950	0.0028	-0.0025	0.0053
74.975	0.0028	-0.0025	0.0053
75.000	0.0029	-0.0025	0.0054
75.025	0.0029	-0.0025	0.0054
75.050	0.0030	-0.0025	0.0054
75.075	0.0030	-0.0024	0.0055
75.100	0.0031	-0.0024	0.0055
75.125	0.0031	-0.0024	0.0056
75.150	0.0032	-0.0024	0.0056
75.175	0.0033	-0.0024	0.0056
75.200	0.0033	-0.0024	0.0057
75.225	0.0034	-0.0023	0.0057
75.250	0.0034	-0.0023	0.0058
75.275	0.0035	-0.0023	0.0058
75.300	0.0035	-0.0023	0.0058
75.325	0.0036	-0.0023	0.0059
75.350	0.0036	-0.0023	0.0059
75.375	0.0037	-0.0023	0.0059
75.400	0.0038	-0.0022	0.0060
75.425	0.0038	-0.0022	0.0060
75.450	0.0039	-0.0022	0.0061
75.475	0.0039	-0.0022	0.0061
75.500	0.0040	-0.0022	0.0061
75.525	0.0040	-0.0022	0.0062
75.550	0.0041	-0.0021	0.0062
75.575	0.0041	-0.0021	0.0062
75.600	0.0042	-0.0021	0.0063
75.625	0.0042	-0.0021	0.0063
75.650	0.0043	-0.0021	0.0064
75.675	0.0043	-0.0021	0.0064
75.700	0.0044	-0.0020	0.0064
75.725	0.0044	-0.0020	0.0065
75.750	0.0045	-0.0020	0.0065
75.775	0.0045	-0.0020	0.0065
75.800	0.0046	-0.0020	0.0066
75.825	0.0046	-0.0020	0.0066
75.850	0.0047	-0.0020	0.0066
75.875	0.0047	-0.0019	0.0067
75.900	0.0048	-0.0019	0.0067
75.925	0.0048	-0.0019	0.0067
75.950	0.0049	-0.0019	0.0068
75.975	0.0049	-0.0019	0.0068
76.000	0.0049	-0.0019	0.0068
76.025	0.0050	-0.0019	0.0068
76.050	0.0050	-0.0018	0.0069
76.075	0.0051	-0.0018	0.0069
76.100	0.0051	-0.0018	0.0069
76.125	0.0052	-0.0018	0.0070
76.150	0.0052	-0.0018	0.0070
76.175	0.0053	-0.0018	0.0070
76.200	0.0053	-0.0018	0.0071
76.225	0.0053	-0.0017	0.0071
76.250	0.0054	-0.0017	0.0071
76.275	0.0054	-0.0017	0.0071
76.300	0.0055	-0.0017	0.0072
76.325	0.0055	-0.0017	0.0072
76.350	0.0055	-0.0017	0.0072
76.375	0.0056	-0.0017	0.0072
76.400	0.0056	-0.0017	0.0073
76.425	0.0056	-0.0016	0.0073
76.450	0.0057	-0.0016	0.0073
76.475	0.0057	-0.0016	0.0073
76.500	0.0058	-0.0016	0.0074
76.525	0.0058	-0.0016	0.0074
76.550	0.0058	-0.0016	0.0074
76.575	0.0059	-0.0016	0.0074
76.600	0.0059	-0.0016	0.0075
76.625	0.0059	-0.0015	0.0075
76.650	0.0060	-0.0015	0.0075
76.675	0.0060	-0.0015	0.0075
76.700	0.0060	-0.0015	0.0075
76.725	0.0061	-0.0015	0.0076
76.750	0.0061	-0.0015	0.0076
76.775	0.0061	-0.0015	0.0076
76.800	0.0062	-0.0015	0.0076
76.825	0.0062	-0.0015	0.0076
76.850	0.0062	-0.0014	0.0077
76.875	0.0063	-0.0014	0.0077
76.900	0.0063	-0.0014	0.0077
76.925	0.0063	-0.0014	0.0077
76.950	0.0063	-0.0014	0.0077
76.975	0.0064	-0.0014	0.0078
77.000	0.0064	-0.0014	0.0078
77.025	0.0064	-0.0014	0.0078
77.050	0.0065	-0.0014	0.0078
77.075	0.0065	-0.0013	0.0078
77.100	0.0065	-0.0013	0.0079
77.125	0.0065	-0.0013	0.0079
77.150	0.0066	-0.0013	0.0079
77.175	0.0066	-0.0013	0.0079
77.200	0.0066	-0.0013	0.0079
77.225	0.0066	-0.0013	0.0079
77.250	0.0067	-0.0013	0.0079
77.275	0.0067	-0.0013	0.0080
77.300	0.0067	-0.0013	0.0080
77.325	0.0067	-0.0013	0.0080
77.350	0.0068	-0.0012	0.0080
77.375	0.0068	-0.0012	0.0080
77.400	0.0068	-0.0012	0.0080
77.425	0.0068	-0.0012	0.0081
77.450	0.0069	-0.0012	0.0081
77.475	0.0069	-0.0012	0.0081
77.500	0.0069	-0.0012	0.0081
77.525	0.0069	-0.0012	0.0081
77.550	0.0069	-0.0012	0.0081
77.575	0.0070	-0.0012	0.0081
77.600	0.0070	-0.0012	0.0081
77.625	0.0070	-0.0011	0.0082
77.650	0.0070	-0.0011	0.0082
77.675	0.0071	-0.0011	0.0082
77.700	0.0071	-0.0011	0.0082
77.725	0.0071	-0.0011	0.0082
77.750	0.0071	-0.0011	0.0082
77.775	0.0071	-0.0011	0.0082
77.800	0.0071	-0.0011	0.0082
77.825	0.0072	-0.0011	0.0083
77.850	0.0072	-0.0011	0.0083
77.875	0.0072	-0.0011	0.0083
77.900	0.0072	-0.0011	0.0083
77.925	0.0072	-0.0011	0.0083
77.950	0.0073	-0.0010	0.0083
77.975	0.0073	-0.0010	0.0083
78.000	0.0073	-0.0010	0.0083
78.025	0.0073	-0.0010	0.0083
78.050	0.0073	-0.0010	0.0083
78.075	0.0073	-0.0010	0.0084
78.100	0.0074	-0.0010	0.0084
78.125	0.0074	-0.0010	0.0084
78.150	0.0074	-0.0010	0.0084
78.175	0.0074	-0.0010	0.0084
78.200	0.0074	-0.0010	0.0084
78.225	0.0074	-0.0010	0.0084
78.250	0.0075	-0.0010	0.0084
78.275	0.0075	-0.0010	0.0084
78.300	0.0075	-0.0010	0.0084
78.325	0.0075	-0.0009	0.0084
78.350	0.0075	-0.0009	0.0084
78.375	0.0075	-0.0009	0.0085
78.400	0.0075	-0.0009	0.0085
78.425	0.0075	-0.0009	0.0085
78.450	0.0076	-0.0009	0.0085
78.475	0.0076	-0.0009	0.0085
78.500	0.0076	-0.0009	0.0085
78.525	0.0076	-0.0009	0.0085
78.550	0.0076	-0.0009	0.0085
78.575	0.0076	-0.0009	0.0085
78.600	0.0076	-0.0009	0.0085
78.625	0.0076	-0.0009	0.0085
78.650	0.0077	-0.0009	0.0085
78.675	0.0077	-0.0009	0.0085
78.700	0.0077	-0.0009	0.0085
78.725	0.0077	-0.0009	0.0085
78.750	0.0077	-0.0008	0.0086
78.775	0.0077	-0.0008	0.0086
78.800	0.0077	-0.0008	0.0086
78.825	0.0077	-0.0008	0.0086
78.850	0.0077	-0.0008	0.0086
78.875	0.0078	-0.0008	0.0086
78.900	0.0078	-0.0008	0.0086
78.925	0.0078	-0.0008	0.0086
78.950	0.0078	-0.0008	0.0086
78.975	0.0078	-0.0008	0.0086
79.000	0.0078	-0.0008	0.0086
79.025	0.0078	-0.0008	0.0086
79.050	0.0078	-0.0008	0.0086
79.075	0.0078	-0.0008	0.0086
79.100	0.0078	-0.0008	0.0086
79.125	0.0079	-0.0008	0.0086
79.150	0.0079	-0.0008	0.0086
79.175	0.0079	-0.0008	0.0086
79.200	0.0079	-0.0008	0.0086
79.225	0.0079	-0.0007	0.0086
79.250	0.0079	-0.0007	0.0086
79.275	0.0079	-0.0007	0.0086
79.300	0.0079	-0.0007	0.0086
79.325	0.0079	-0.0007	0.0086
79.350	0.0079	-0.0007	0.0086
79.375	0.0079	-0.0007	0.0087
79.400	0.0079	-0.0007	0.0087
79.425	0.0079	-0.0007	0.0087
79.450	0.0079	-0.0007	0.0087
79.475	0.0080	-0.0007	0.0087
79.500	0.0080	-0.0007	0.0087
79.525	0.0080	-0.0007	0.0087
79.550	0.0080	-0.0007	0.0087
79.575	0.0080	-0.0007	0.0087
79.600	0.0080	-0.0007	0.0087
79.625	0.0080	-0.0007	0.0087
79.650	0.0080	-0.0007	0.0087
79.675	0.0080	-0.0007	0.0087
79.700	0.0080	-0.0007	0.0087
79.725	0.0080	-0.0007	0.0087
79.750	0.0080	-0.0007	0.0087
79.775	0.0080	-0.0007	0.0087
79.800	0.0080	-0.0007	0.0087
79.825	0.0080	-0.0006	0.0087
79.850	0.0080	-0.0006	0.0087
79.875	0.0080	-0.0006	0.0087
79.900	0.0080	-0.0006	0.0087
79.925	0.0081	-0.0006	0.0087
79.950	0.0081	-0.0006	0.0087
79.975	0.0081	-0.0006	0.0087
80.000	0.0081	-0.0006	0.0087
80.025	0.0081	-0.0006	0.0087
80.050	0.0081	-0.0006	0.0087
80.075	0.0081	-0.0006	0.0087
80.100	0.0081	-0.0006	0.0087
80.125	0.0081	-0.0006	0.0087
80.150	0.0081	-0.0006	0.0087
80.175	0.0081	-0.0006	0.0087
80.200	0.0081	-0.0006	0.0087
80.225	0.0081	-0.0006	0.0087
80.250	0.0081	-0.0006	0.0087
80.275	0.0081	-0.0006	0.0087
80.300	0.0081	-0.0006	0.0087
80.325	0.0081	-0.0006	0.0087
80.350	0.0081	-0.0006	0.0087
80.375	0.0081	-0.0006	0.0087
80.400	0.0081	-0.0006	0.0087
80.425	0.0081	-0.0006	0.0087
80.450	0.0081	-0.0006	0.0087
80.475	0.0081	-0.0006	0.0087
80.500	0.0081	-0.0006	0.0087
80.525	0.0081	-0.0006	0.0087
80.550	0.0081	-0.0006	0.0087
80.575	0.0081	-0.0006	0.0087
80.600	0.0081	-0.0005	0.0087
80.625	0.0081	-0.0005	0.0087
80.650	0.0081	-0.0005	0.0087
80.675	0.0081	-0.0005	0.0087
80.700	0.0081	-0.0005	0.0087
80.725	0.0081	-0.0005	0.0087
80.750	0.0081	-0.0005	0.0087
80.775	0.0081	-0.0005	0.0087
80.800	0.0081	-0.0005	0.0087
80.825	0.0081	-0.0005	0.0087
80.850	0.0081	-0.0005	0.0087
80.875	0.0081	-0.0005	0.0087
80.900	0.0081	-0.0005	0.0087
80.925	0.0081	-0.0005	0.0087
80.950	0.0081	-0.0005	0.0087
80.975	0.0081	-0.0005	0.0087
81.000	0.0081	-0.0005	0.0087
81.025	0.0081	-0.0005	0.0086
81.050	0.0081	-0.0005	0.0086
81.075	0.0081	-0.0005	0.0086
81.100	0.0081	-0.0005	0.0086
81.125	0.0081	-0.0005	0.0086
81.150	0.0081	-0.0005	0.0086
81.175	0.0081	-0.0005	0.0086
81.200	0.0081	-0.0005	0.0086
81.225	0.0081	-0.0005	0.0086
81.250	0.0081	-0.0005	0.0086
81.275	0.0081	-0.0005	0.0086
81.300	0.0081	-0.0005	0.0086
81.325	0.0081	-0.0005	0.0086
81.350	0.0081	-0.0005	0.0086
81.375	0.0081	-0.0005	0.0086
81.400	0.0081	-0.0005	0.0086
81.425	0.0081	-0.0005	0.0086
81.450	0.0081	-0.0005	0.0086
81.475	0.0081	-0.0005	0.0086
81.500	0.0081	-0.0005	0.0086
81.525	0.0081	-0.0005	0.0086
81.550	0.0081	-0.0005	0.0086
81.575	0.0081	-0.0005	0.0086
81.600	0.0081	-0.0004	0.0086
81.625	0.0081	-0.0004	0.0086
81.650	0.0081	-0.0004	0.0086
81.675	0.0081	-0.0004	0.0086
81.700	0.0081	-0.0004	0.0086
81.725	0.0081	-0.0004	0.0086
81.750	0.0081	-0.0004	0.0086
81.775	0.0081	-0.0004	0.0086
81.800	0.0081	-0.0004	0.0086
81.825	0.0081	-0.0004	0.0086
81.850	0.0081	-0.0004	0.0085
81.875	0.0081	-0.0004	0.0085
81.900	0.0081	-0.0004	0.0085
81.925	0.0081	-0.0004	0.0085
81.950	0.0081	-0.0004	0.0085
81.975	0.0081	-0.0004	0.0085
82.000	0.0081	-0.0004	0.0085
82.025	0.0081	-0.0004	0.0085
82.050	0.0081	-0.0004	0.0085
82.075	0.0081	-0.0004	0.0085
82.100	0.0081	-0.0004	0.0085
82.125	0.0081	-0.0004	0.0085
82.150	0.0081	-0.0004	0.0085
82.175	0.0081	-0.0004	0.0085
82.200	0.0081	-0.0004	0.0085
82.225	0.0081	-0.0004	0.0085
82.250	0.0081	-0.0004	0.0085
82.275	0.0081	-0.0004	0.0085
82.300	0.0081	-0.0004	0.0085
82.325	0.0081	-0.0004	0.0085
82.350	0.0081	-0.0004	0.0085
82.375	0.0081	-0.0004	0.0085
82.400	0.0081	-0.0004	0.0085
82.425	0.0081	-0.0004	0.0084
82.450	0.0081	-0.0004	0.0084
82.475	0.0081	-0.0004	0.0084
82.500	0.0081	-0.0004	0.0084
82.525	0.0081	-0.0004	0.0084
82.550	0.0081	-0.0004	0.0084
82.575	0.0081	-0.0004	0.0084
82.600	0.0081	-0.0004	0.0084
82.625	0.0081	-0.0004	0.0084
82.650	0.0081	-0.0004	0.0084
82.675	0.0081	-0.0004	0.0085
82.700	0.0081	-0.0004	0.0085
82.725	0.0081	-0.0004	0.0085
82.750	0.0081	-0.0004	0.0085
82.775	0.0081	-0.0003	0.0085
82.800	0.0081	-0.0003	0.0085
82.825	0.0082	-0.0003	0.0085
82.850	0.0082	-0.0003	0.0085
82.875	0.0082	-0.0003	0.0085
82.900	0.0082	-0.0003	0.0085
82.925	0.0082	-0.0003	0.0085
82.950	0.0082	-0.0003	0.0086
82.975	0.0083	-0.0003	0.0086
83.000	0.0083	-0.0003	0.0086
83.025	0.0083	-0.0003	0.0086
83.050	0.0083	-0.0003	0.0086
83.075	0.0083	-0.0003	0.0086
83.100	0.0084	-0.0003	0.0086
83.125	0.0084	-0.0003	0.0086
83.150	0.0084	-0.0003	0.0087
83.175	0.0084	-0.0003	0.0087
83.200	0.0084	-0.0003	0.0087
83.225	0.0085	-0.0002	0.0087
83.250	0.0085	-0.0002	0.0087
83.275	0.0085	-0.0002	0.0087
83.300	0.0085	-0.0002	0.0087
83.325	0.0085	-0.0002	0.0088
83.350	0.0085	-0.0002	0.0088
83.375	0.0086	-0.0002	0.0088
83.400	0.0086	-0.0002	0.0088
83.425	0.0086	-0.0002	0.0088
83.450	0.0086	-0.0002	0.0088
83.475	0.0086	-0.0002	0.0088
83.500	0.0087	-0.0002	0.0088
83.525	0.0087	-0.0002	0.0088
83.550	0.0087	-0.0002	0.0089
83.575	0.0087	-0.0002	0.0089
83.600	0.0087	-0.0001	0.0089
83.625	0.0087	-0.0001	0.0089
83.650	0.0088	-0.0001	0.0089
83.675	0.0088	-0.0001	0.0089
83.700	0.0088	-0.0001	0.0089
83.725	0.0088	-0.0001	0.0089
83.750	0.0088	-0.0001	0.0089
83.775	0.0088	-0.0001	0.0089
83.800	0.0089	-0.0001	0.0090
83.825	0.0089	-0.0001	0.0090
83.850	0.0089	-0.0001	0.0090
83.875	0.0089	-0.0001	0.0090
83.900	0.0089	-0.0001	0.0090
83.925	0.0089	-0.0001	0.0090
83.950	0.0089	-0.0001	0.0090
83.975	0.0090	-0.0001	0.0090
84.000	0.0090	-0.0000	0.0090
84.025	0.0090	-0.0000	0.0090
84.050	0.0090	-0.0000	0.0090
84.075	0.0090	-0.0000	0.0090
84.100	0.0090	-0.0000	0.0090
84.125	0.0090	-0.0000	0.0090
84.150	0.0090	-0.0000	0.0090
84.175	0.0090	-0.0000	0.0091
84.200	0.0091	-0.0000	0.0091
84.225	0.0091	0.0000	0.0091
84.250	0.0091	0.0000	0.0091
84.275	0.0091	0.0000	0.0091
84.300	0.0091	0.0000	0.0091
84.325	0.0091	0.0000	0.0091
84.350	0.0091	0.0000	0.0091
84.375	0.0091	0.0000	0.0091
84.400	0.0091	0.0000	0.0091
84.425	0.0091	0.0000	0.0091
84.450	0.0092	0.0001	0.0091
84.475	0.0092	0.0001	0.0091
84.500	0.0092	0.0001	0.0091
84.525	0.0092	0.0001	0.0091
84.550	0.0092	0.0001	0.0092
84.575	0.0092	0.0001	0.0092
84.600	0.0093	0.0001	0.0092
84.625	0.0093	0.0001	0.0092
84.650	0.0093	0.0001	0.0092
84.675	0.0093	0.0001	0.0092
84.700	0.0094	0.0001	0.0093
84.725	0.0094	0.0001	0.0093
84.750	0.0094	0.0001	0.0093
84.775	0.0095	0.0001	0.0093
84.800	0.0095	0.0001	0.0094
84.825	0.0095	0.0002	0.0094
84.850	0.0096	0.0002	0.0094
84.875	0.0096	0.0002	0.0094
84.900	0.0097	0.0002	0.0095
84.925	0.0097	0.0002	0.0095
84.950	0.0097	0.0002	0.0095
84.975	0.0098	0.0002	0.0096
85.000	0.0098	0.0002	0.0096
85.025	0.0099	0.0002	0.0096
85.050	0.0099	0.0003	0.0097
85.075	0.0100	0.0003	0.0097
85.100	0.0100	0.0003	0.0097
85.125	0.0101	0.0003	0.0098
85.150	0.0101	0.0003	0.0098
85.175	0.0102	0.0003	0.0098
85.200	0.0102	0.0003	0.0099
85.225	0.0103	0.0003	0.0099
85.250	0.0103	0.0004	0.0099
85.275	0.0103	0.0004	0.0100
85.300	0.0104	0.0004	0.0100
85.325	0.0104	0.0004	0.0100
85.350	0.0105	0.0004	0.0101
85.375	0.0105	0.0004	0.0101
85.400	0.0106	0.0004	0.0101
85.425	0.0106	0.0005	0.0102
85.450	0.0107	0.0005	0.0102
85.475	0.0107	0.0005	0.0102
85.500	0.0107	0.0005	0.0103
85.525	0.0108	0.0005	0.0103
85.550	0.0108	0.0005	0.0103
85.575	0.0109	0.0005	0.0103
85.600	0.0109	0.0005	0.0104
85.625	0.0110	0.0006	0.0104
85.650	0.0110	0.0006	0.0104
85.675	0.0110	0.0006	0.0105
85.700	0.0111	0.0006	0.0105
85.725	0.0111	0.0006	0.0105
85.750	0.0112	0.0006	0.0105
85.775	0.0112	0.0006	0.0106
85.800	0.0112	0.0006	0.0106
85.825	0.0113	0.0007	0.0106
85.850	0.0113	0.0007	0.0106
85.875	0.0113	0.0007	0.0107
85.900	0.0114	0.0007	0.0107
85.925	0.0114	0.0007	0.0107
85.950	0.0114	0.0007	0.0107
85.975	0.0115	0.0007	0.0107
86.000	0.0115	0.0007	0.0108
86.025	0.0115	0.0007	0.0108
86.050	0.0116	0.0008	0.0108
86.075	0.0116	0.0008	0.0108
86.100	0.0116	0.0008	0.0108
86.125	0.0116	0.0008	0.0109
86.150	0.0117	0.0008	0.0109
86.175	0.0117	0.0008	0.0109
86.200	0.0117	0.0008	0.0109
86.225	0.0118	0.0008	0.0109
86.250	0.0118	0.0008	0.0109
86.275	0.0118	0.0008	0.0110
86.300	0.0118	0.0009	0.0110
86.325	0.0119	0.0009	0.0110
86.350	0.0119	0.0009	0.0110
86.375	0.0119	0.0009	0.0110
86.400	0.0119	0.0009	0.0110
86.425	0.0119	0.0009	0.0110
86.450	0.0120	0.0009	0.0110
86.475	0.0120	0.0009	0.0111
86.500	0.0120	0.0009	0.0111
86.525	0.0120	0.0009	0.0111
86.550	0.0120	0.0009	0.0111
86.575	0.0121	0.0010	0.0111
86.600	0.0121	0.0010	0.0111
86.625	0.0121	0.0010	0.0111
86.650	0.0121	0.0010	0.0111
86.675	0.0121	0.0010	0.0111
86.700	0.0121	0.0010	0.0111
86.725	0.0121	0.0010	0.0112
86.750	0.0122	0.0010	0.0112
86.775	0.0122	0.0010	0.0112
86.800	0.0122	0.0010	0.0112
86.825	0.0122	0.0010	0.0112
86.850	0.0122	0.0010	0.0112
86.875	0.0122	0.0010	0.0112
86.900	0.0122	0.0010	0.0112
86.925	0.0122	0.0010	0.0112
86.950	0.0123	0.0011	0.0112
86.975	0.0123	0.0011	0.0112
87.000	0.0123	0.0011	0.0112
87.025	0.0123	0.0011	0.0112
87.050	0.0123	0.0011	0.0112
87.075	0.0123	0.0011	0.0112
87.100	0.0123	0.0011	0.0112
87.125	0.0123	0.0011	0.0112
87.150	0.0123	0.0011	0.0112
87.175	0.0123	0.0011	0.0112
87.200	0.0123	0.0011	0.0112
87.225	0.0123	0.0011	0.0112
87.250	0.0123	0.0011	0.0112
87.275	0.0123	0.0011	0.0112
87.300	0.0124	0.0011	0.0112
87.325	0.0124	0.0011	0.0112
87.350	0.0124	0.0011	0.0112
87.375	0.0124	0.0011	0.0112
87.400	0.0124	0.0011	0.0112
87.425	0.0124	0.0011	0.0112
87.450	0.0124	0.0011	0.0112
87.475	0.0124	0.0011	0.0112
87.500	0.0124	0.0012	0.0112
87.525	0.0124	0.0012	0.0112
87.550	0.0124	0.0012	0.0112
87.575	0.0124	0.0012	0.0112
87.600	0.0124	0.0012	0.0112
87.625	0.0124	0.0012	0.0112
87.650	0.0124	0.0012	0.0112
87.675	0.0124	0.0012	0.0112
87.700	0.0124	0.0012	0.0112
87.725	0.0124	0.0012	0.0112
87.750	0.0124	0.0012	0.0112
87.775	0.0124	0.0012	0.0112
87.800	0.0124	0.0012	0.0112
87.825	0.0124	0.0012	0.0112
87.850	0.0124	0.0012	0.0112
87.875	0.0124	0.0012	0.0112
87.900	0.0123	0.0012	0.0112
87.925	0.0123	0.0012	0.0112
87.950	0.0123	0.0012	0.0111
87.975	0.0123	0.0012	0.0111
88.000	0.0123	0.0012	0.0111
88.025	0.0123	0.0012	0.0111
88.050	0.0123	0.0012	0.0111
88.075	0.0123	0.0012	0.0111
88.100	0.0123	0.0012	0.0111
88.125	0.0123	0.0012	0.0111
88.150	0.0123	0.0012	0.0111
88.175	0.0123	0.0012	0.0111
88.200	0.0123	0.0012	0.0111
88.225	0.0123	0.0012	0.0111
88.250	0.0123	0.0012	0.0111
88.275	0.0123	0.0012	0.0111
88.300	0.0123	0.0012	0.0110
88.325	0.0123	0.0012	0.0110
88.350	0.0122	0.0012	0.0110
88.375	0.0122	0.0012	0.0110
88.400	0.0122	0.0012	0.0110
88.425	0.0122	0.0012	0.0110
88.450	0.0122	0.0012	0.0110
88.475	0.0122	0.0012	0.0110
88.500	0.0122	0.0012	0.0110
88.525	0.0122	0.0012	0.0110
88.550	0.0122	0.0012	0.0110
88.575	0.0122	0.0012	0.0109
88.600	0.0122	0.0012	0.0109
88.625	0.0121	0.0012	0.0109
88.650	0.0121	0.0012	0.0109
88.675	0.0121	0.0012	0.0109
88.700	0.0121	0.0012	0.0109
88.725	0.0121	0.0012	0.0109
88.750	0.0121	0.0012	0.0109
88.775	0.0121	0.0012	0.0109
88.800	0.0121	0.0012	0.0109
88.825	0.0121	0.0012	0.0108
88.850	0.0120	0.0012	0.0108
88.875	0.0120	0.0012	0.0108
88.900	0.0120	0.0012	0.0108
88.925	0.0120	0.0012	0.0108
88.950	0.0120	0.0012	0.0108
88.975	0.0120	0.0012	0.0108
89.000	0.0120	0.0012	0.0108
89.025	0.0120	0.0012	0.0108
89.050	0.0120	0.0012	0.0107
89.075	0.0119	0.0012	0.0107
89.100	0.0119	0.0012	0.0107
89.125	0.0119	0.0012	0.0107
89.150	0.0119	0.0012	0.0107
89.175	0.0119	0.0012	0.0107
89.200	0.0119	0.0012	0.0107
89.225	0.0119	0.0012	0.0107
89.250	0.0118	0.0012	0.0107
89.275	0.0118	0.0012	0.0106
89.300	0.0118	0.0012	0.0106
89.325	0.0118	0.0012	0.0106
89.350	0.0118	0.0012	0.0106
89.375	0.0118	0.0012	0.0106
89.400	0.0118	0.0012	0.0106
89.425	0.0118	0.0012	0.0106
89.450	0.0117	0.0012	0.0106
89.475	0.0117	0.0012	0.0105
89.500	0.0117	0.0012	0.0105
89.525	0.0117	0.0012	0.0105
89.550	0.0117	0.0012	0.0105
89.575	0.0117	0.0012	0.0105
89.600	0.0117	0.0012	0.0105
89.625	0.0116	0.0012	0.0105
89.650	0.0116	0.0012	0.0105
89.675	0.0116	0.0012	0.0104
89.700	0.0116	0.0012	0.0104
89.725	0.0116	0.0012	0.0104
89.750	0.0116	0.0012	0.0104
89.775	0.0115	0.0012	0.0104
89.800	0.0115	0.0012	0.0104
89.825	0.0115	0.0012	0.0104
89.850	0.0115	0.0012	0.0103
89.875	0.0115	0.0012	0.0103
89.900	0.0115	0.0011	0.0103
89.925	0.0115	0.0011	0.0103
89.950	0.0114	0.0011	0.0103
89.975	0.0114	0.0011	0.0103
90.000	0.0114	0.0011	0.0103
90.025	0.0114	0.0011	0.0103
90.050	0.0114	0.0011	0.0102
90.075	0.0114	0.0011	0.0102
90.100	0.0113	0.0011	0.0102
90.125	0.0113	0.0011	0.0102
90.150	0.0113	0.0011	0.0102
90.175	0.0113	0.0011	0.0102
90.200	0.0113	0.0011	0.0102
90.225	0.0113	0.0011	0.0101
90.250	0.0112	0.0011	0.0101
90.275	0.0112	0.0011	0.0101
90.300	0.0112	0.0011	0.0101
90.325	0.0112	0.0011	0.0101
90.350	0.0112	0.0011	0.0101
90.375	0.0112	0.0011	0.0101
90.400	0.0111	0.0011	0.0100
90.425	0.0111	0.0011	0.0100
90.450	0.0111	0.0011	0.0100
90.475	0.0111	0.0011	0.0100
90.500	0.0111	0.0011	0.0100
90.525	0.0111	0.0011	0.0100
90.550	0.0110	0.0011	0.0100
90.575	0.0110	0.0011	0.0099
90.600	0.0110	0.0011	0.0099
90.625	0.0110	0.0011	0.0099
90.650	0.0110	0.0011	0.0099
90.675	0.0110	0.0011	0.0099
90.700	0.0109	0.0011	0.0099
90.725	0.0109	0.0011	0.0099
90.750	0.0109	0.0011	0.0098
90.775	0.0109	0.0011	0.0098
90.800	0.0109	0.0011	0.0098
90.825	0.0109	0.0011	0.0098
90.850	0.0108	0.0011	0.0098
90.875	0.0108	0.0011	0.0098
90.900	0.0108	0.0010	0.0098
90.925	0.0108	0.0010	0.0097
90.950	0.0108	0.0010	0.0097
90.975	0.0108	0.0010	0.0097
91.000	0.0107	0.0010	0.0097
91.025	0.0107	0.0010	0.0097
91.050	0.0107	0.0010	0.0097
91.075	0.0107	0.0010	0.0097
91.100	0.0107	0.0010	0.0096
91.125	0.0106	0.0010	0.0096
91.150	0.0106	0.0010	0.0096
91.175	0.0106	0.0010	0.0096
91.200	0.0106	0.0010	0.0096
91.225	0.0106	0.0010	0.0096
91.250	0.0106	0.0010	0.0096
91.275	0.0105	0.0010	0.0095
91.300	0.0105	0.0010	0.0095
91.325	0.0105	0.0010	0.0095
91.350	0.0105	0.0010	0.0095
91.375	0.0105	0.0010	0.0095
91.400	0.0105	0.0010	0.0095
91.425	0.0104	0.0010	0.0094
91.450	0.0104	0.0010	0.0094
91.475	0.0104	0.0010	0.0094
91.500	0.0104	0.0010	0.0094
91.525	0.0104	0.0010	0.0094
91.550	0.0103	0.0010	0.0094
91.575	0.0103	0.0010	0.0094
91.600	0.0103	0.0010	0.0093
91.625	0.0103	0.0010	0.0093
91.650	0.0103	0.0010	0.0093
91.675	0.0103	0.0010	0.0093
91.700	0.0102	0.0010	0.0093
91.725	0.0102	0.0010	0.0093
91.750	0.0102	0.0009	0.0093
91.775	0.0102	0.0009	0.0092
91.800	0.0102	0.0009	0.0092
91.825	0.0102	0.0009	0.0092
91.850	0.0101	0.0009	0.0092
91.875	0.0101	0.0009	0.0092
91.900	0.0101	0.0009	0.0092
91.925	0.0101	0.0009	0.0092
91.950	0.0101	0.0009	0.0091
91.975	0.0100	0.0009	0.0091
92.000	0.0100	0.0009	0.0091
92.025	0.0100	0.0009	0.0091
92.050	0.0100	0.0009	0.0091
92.075	0.0100	0.0009	0.0091
92.100	0.0100	0.0009	0.0091
92.125	0.0099	0.0009	0.0090
92.150	0.0099	0.0009	0.0090
92.175	0.0099	0.0009	0.0090
92.200	0.0099	0.0009	0.0090
92.225	0.0099	0.0009	0.0090
92.250	0.0099	0.0009	0.0090
92.275	0.0098	0.0009	0.0090
92.300	0.0098	0.0009	0.0089
92.325	0.0098	0.0009	0.0089
92.350	0.0098	0.0009	0.0089
92.375	0.0098	0.0009	0.0089
92.400	0.0097	0.0009	0.0089
92.425	0.0097	0.0009	0.0089
92.450	0.0097	0.0009	0.0089
92.475	0.0097	0.0009	0.0088
92.500	0.0097	0.0009	0.0088
92.525	0.0097	0.0009	0.0088
92.550	0.0096	0.0009	0.0088
92.575	0.0096	0.0008	0.0088
92.600	0.0096	0.0008	0.0088
92.625	0.0096	0.0008	0.0087
92.650	0.0096	0.0008	0.0087
92.675	0.0096	0.0008	0.0087
92.700	0.0095	0.0008	0.0087
92.725	0.0095	0.0008	0.0087
92.750	0.0095	0.0008	0.0087
92.775	0.0095	0.0008	0.0087
92.800	0.0095	0.0008	0.0086
92.825	0.0095	0.0008	0.0086
92.850	0.0094	0.0008	0.0086
92.875	0.0094	0.0008	0.0086
92.900	0.0094	0.0008	0.0086
92.925	0.0094	0.0008	0.0086
92.950	0.0094	0.0008	0.0086
92.975	0.0094	0.0008	0.0085
93.000	0.0093	0.0008	0.0085
93.025	0.0093	0.0008	0.0085
93.050	0.0093	0.0008	0.0085
93.075	0.0093	0.0008	0.0085
93.100	0.0093	0.0008	0.0085
93.125	0.0092	0.0008	0.0085
93.150	0.0092	0.0008	0.0084
93.175	0.0092	0.0008	0.0084
93.200	0.0092	0.0008	0.0084
93.225	0.0092	0.0008	0.0084
93.250	0.0092	0.0008	0.0084
93.275	0.0091	0.0008	0.0084
93.300	0.0091	0.0008	0.0084
93.325	0.0091	0.0008	0.0084
93.350	0.0091	0.0008	0.0083
93.375	0.0091	0.0008	0.0083
93.400	0.0091	0.0008	0.0083
93.425	0.0090	0.0008	0.0083
93.450	0.0090	0.0007	0.0083
93.475	0.0090	0.0007	0.0083
93.500	0.0090	0.0007	0.0083
93.525	0.0090	0.0007	0.0082
93.550	0.0090	0.0007	0.0082
93.575	0.0089	0.0007	0.0082
93.600	0.0089	0.0007	0.0082
93.625	0.0089	0.0007	0.0082
93.650	0.0089	0.0007	0.0082
93.675	0.0089	0.0007	0.0082
93.700	0.0089	0.0007	0.0081
93.725	0.0088	0.0007	0.0081
93.750	0.0088	0.0007	0.0081
93.775	0.0088	0.0007	0.0081
93.800	0.0088	0.0007	0.0081
93.825	0.0088	0.0007	0.0081
93.850	0.0088	0.0007	0.0081
93.875	0.0087	0.0007	0.0080
93.900	0.0087	0.0007	0.0080
93.925	0.0087	0.0007	0.0080
93.950	0.0087	0.0007	0.0080
93.975	0.0087	0.0007	0.0080
94.000	0.0087	0.0007	0.0080
94.025	0.0087	0.0007	0.0080
94.050	0.0086	0.0007	0.0080
94.075	0.0086	0.0007	0.0079
94.100	0.0086	0.0007	0.0079
94.125	0.0086	0.0007	0.0079
94.150	0.0086	0.0007	0.0079
94.175	0.0086	0.0007	0.0079
94.200	0.0085	0.0007	0.0079
94.225	0.0085	0.0007	0.0079
94.250	0.0085	0.0007	0.0078
94.275	0.0085	0.0007	0.0078
94.300	0.0085	0.0007	0.0078
94.325	0.0085	0.0007	0.0078
94.350	0.0084	0.0007	0.0078
94.375	0.0084	0.0006	0.0078
94.400	0.0084	0.0006	0.0078
94.425	0.0084	0.0006	0.0078
94.450	0.0084	0.0006	0.0078
94.475	0.0084	0.0006	0.0077
94.500	0.0084	0.0006	0.0077
94.525	0.0084	0.0006	0.0077
94.550	0.0084	0.0006	0.0077
94.575	0.0084	0.0006	0.0077
94.600	0.0084	0.0006	0.0077
94.625	0.0084	0.0006	0.0077
94.650	0.0084	0.0006	0.0077
94.675	0.0084	0.0006	0.0077
94.700	0.0084	0.0006	0.0077
94.725	0.0084	0.0006	0.0077
94.750	0.0084	0.0006	0.0078
94.775	0.0084	0.0006	0.0078
94.800	0.0084	0.0006	0.0078
94.825	0.0084	0.0006	0.0078
94.850	0.0084	0.0006	0.0078
94.875	0.0084	0.0006	0.0078
94.900	0.0084	0.0006	0.0078
94.925	0.0084	0.0006	0.0078
94.950	0.0084	0.0007	0.0078
94.975	0.0085	0.0007	0.0078
95.000	0.0085	0.0007	0.0078
95.025	0.0085	0.0007	0.0078
95.050	0.0085	0.0007	0.0078
95.075	0.0085	0.0007	0.0078
95.100	0.0085	0.0007	0.0078
95.125	0.0085	0.0007	0.0078
95.150	0.0085	0.0007	0.0078
95.175	0.0085	0.0007	0.0078
95.200	0.0085	0.0007	0.0078
95.225	0.0085	0.0007	0.0079
95.250	0.0085	0.0007	0.0079
95.275	0.0086	0.0007	0.0079
95.300	0.0086	0.0007	0.0079
95.325	0.0086	0.0007	0.0079
95.350	0.0086	0.0007	0.0079
95.375	0.0086	0.0007	0.0079
95.400	0.0086	0.0007	0.0079
95.425	0.0086	0.0007	0.0079
95.450	0.0086	0.0007	0.0079
95.475	0.0086	0.0007	0.0079
95.500	0.0086	0.0007	0.0079
95.525	0.0086	0.0007	0.0079
95.550	0.0086	0.0007	0.0079
95.575	0.0086	0.0007	0.0079
95.600	0.0087	0.0007	0.0079
95.625	0.0087	0.0007	0.0079
95.650	0.0087	0.0007	0.0079
95.675	0.0087	0.0007	0.0079
95.700	0.0087	0.0007	0.0079
95.725	0.0087	0.0007	0.0079
95.750	0.0087	0.0008	0.0079
95.775	0.0087	0.0008	0.0079
95.800	0.0087	0.0008	0.0079
95.825	0.0087	0.0008	0.0079
95.850	0.0087	0.0008	0.0079
95.875	0.0087	0.0008	0.0079
95.900	0.0087	0.0008	0.0079
95.925	0.0087	0.0008	0.0079
95.950	0.0087	0.0008	0.0079
95.975	0.0087	0.0008	0.0080
96.000	0.0087	0.0008	0.0080
96.025	0.0087	0.0008	0.0080
96.050	0.0087	0.0008	0.0080
96.075	0.0087	0.0008	0.0080
96.100	0.0087	0.0008	0.0079
96.125	0.0087	0.0008	0.0079
96.150	0.0087	0.0008	0.0079
96.175	0.0087	0.0008	0.0079
96.200	0.0087	0.0008	0.0079
96.225	0.0087	0.0008	0.0079
96.250	0.0087	0.0008	0.0079
96.275	0.0087	0.0008	0.0079
96.300	0.0087	0.0008	0.0079
96.325	0.0087	0.0008	0.0079
96.350	0.0087	0.0008	0.0079
96.375	0.0087	0.0008	0.0079
96.400	0.0087	0.0008	0.0079
96.425	0.0087	0.0008	0.0079
96.450	0.0087	0.0008	0.0079
96.475	0.0087	0.0008	0.0079
96.500	0.0087	0.0008	0.0079
96.525	0.0087	0.0008	0.0079
96.550	0.0087	0.0008	0.0079
96.575	0.0087	0.0008	0.0079
96.600	0.0087	0.0008	0.0079
96.625	0.0087	0.0008	0.0079
96.650	0.0087	0.0008	0.0079
96.675	0.0087	0.0008	0.0079
96.700	0.0087	0.0008	0.0079
96.725	0.0087	0.0008	0.0079
96.750	0.0087	0.0008	0.0079
96.775	0.0087	0.0008	0.0079
96.800	0.0087	0.0008	0.0079
96.825	0.0087	0.0008	0.0079
96.850	0.0087	0.0008	0.0079
96.875	0.0087	0.0008	0.0079
96.900	0.0087	0.0008	0.0078
96.925	0.0087	0.0008	0.0078
96.950	0.0087	0.0008	0.0078
96.975	0.0087	0.0008	0.0078
97.000	0.0087	0.0008	0.0078
97.025	0.0087	0.0008	0.0078
97.050	0.0087	0.0008	0.0078
97.075	0.0087	0.0008	0.0078
97.100	0.0086	0.0008	0.0078
97.125	0.0086	0.0008	0.0078
97.150	0.0086	0.0008	0.0078
97.175	0.0086	0.0008	0.0078
97.200	0.0086	0.0008	0.0078
97.225	0.0086	0.0008	0.0078
97.250	0.0086	0.0008	0.0078
97.275	0.0086	0.0008	0.0078
97.300	0.0086	0.0008	0.0077
97.325	0.0086	0.0008	0.0077
97.350	0.0086	0.0008	0.0077
97.375	0.0086	0.0008	0.0077
97.400	0.0086	0.0008	0.0077
97.425	0.0086	0.0008	0.0077
97.450	0.0086	0.0008	0.0077
97.475	0.0085	0.0008	0.0077
97.500	0.0085	0.0008	0.0077
97.525	0.0085	0.0008	0.0077
97.550	0.0085	0.0008	0.0077
97.575	0.0085	0.0008	0.0077
97.600	0.0085	0.0008	0.0077
97.625	0.0085	0.0008	0.0076
97.650	0.0085	0.0008	0.0076
97.675	0.0085	0.0008	0.0076
97.700	0.0085	0.0008	0.0076
97.725	0.0085	0.0008	0.0076
97.750	0.0085	0.0008	0.0076
97.775	0.0084	0.0008	0.0076
97.800	0.0084	0.0008	0.0076
97.825	0.0084	0.0008	0.0076
97.850	0.0084	0.0008	0.0076
97.875	0.0084	0.0008	0.0076
97.900	0.0084	0.0008	0.0076
97.925	0.0084	0.0008	0.0075
97.950	0.0084	0.0008	0.0075
97.975	0.0084	0.0008	0.0075
98.000	0.0084	0.0008	0.0075
98.025	0.0083	0.0008	0.0075
98.050	0.0083	0.0008	0.0075
98.075	0.0083	0.0008	0.0075
98.100	0.0083	0.0008	0.0075
98.125	0.0083	0.0008	0.0075
98.150	0.0083	0.0008	0.0075
98.175	0.0083	0.0008	0.0075
98.200	0.0083	0.0008	0.0074
98.225	0.0083	0.0008	0.0074
98.250	0.0083	0.0008	0.0074
98.275	0.0082	0.0008	0.0074
98.300	0.0082	0.0008	0.0074
98.325	0.0082	0.0008	0.0074
98.350	0.0082	0.0008	0.0074
98.375	0.0082	0.0008	0.0074
98.400	0.0082	0.0008	0.0074
98.425	0.0082	0.0008	0.0074
98.450	0.0082	0.0008	0.0074
98.475	0.0082	0.0008	0.0073
98.500	0.0082	0.0008	0.0073
98.525	0.0081	0.0008	0.0073
98.550	0.0081	0.0008	0.0073
98.575	0.0081	0.0008	0.0073
98.600	0.0081	0.0008	0.0073
98.625	0.0081	0.0008	0.0073
98.650	0.0081	0.0008	0.0073
98.675	0.0081	0.0008	0.0073
98.700	0.0081	0.0008	0.0073
98.725	0.0081	0.0008	0.0072
98.750	0.0080	0.0008	0.0072
98.775	0.0080	0.0008	0.0072
98.800	0.0080	0.0008	0.0072
98.825	0.0080	0.0008	0.0072
98.850	0.0080	0.0008	0.0072
98.875	0.0080	0.0008	0.0072
98.900	0.0080	0.0008	0.0072
98.925	0.0080	0.0008	0.0072
98.950	0.0079	0.0008	0.0072
98.975	0.0079	0.0008	0.0071
99.000	0.0079	0.0008	0.0071
99.025	0.0079	0.0008	0.0071
99.050	0.0079	0.0008	0.0071
99.075	0.0079	0.0008	0.0071
99.100	0.0079	0.0008	0.0071
99.125	0.0079	0.0008	0.0071
99.150	0.0079	0.0008	0.0071
99.175	0.0078	0.0008	0.0071
99.200	0.0078	0.0008	0.0071
99.225	0.0078	0.0008	0.0070
99.250	0.0078	0.0008	0.0070
99.275	0.0078	0.0008	0.0070
99.300	0.0078	0.0008	0.0070
99.325	0.0078	0.0008	0.0070
99.350	0.0078	0.0008	0.0070
99.375	0.0077	0.0008	0.0070
99.400	0.0077	0.0008	0.0070
99.425	0.0077	0.0008	0.0070
99.450	0.0077	0.0008	0.0069
99.475	0.0077	0.0008	0.0069
99.500	0.0077	0.0008	0.0069
99.525	0.0077	0.0008	0.0069
99.550	0.0077	0.0008	0.0069
99.575	0.0076	0.0008	0.0069
99.600	0.0076	0.0008	0.0069
99.625	0.0076	0.0008	0.0069
99.650	0.0076	0.0007	0.0069
99.675	0.0076	0.0007	0.0069
99.700	0.0076	0.0007	0.0068
99.725	0.0076	0.0007	0.0068
99.750	0.0076	0.0007	0.0068
99.775	0.0075	0.0007	0.0068
99.800	0.0075	0.0007	0.0068
99.825	0.0075	0.0007	0.0068
99.850	0.0075	0.0007	0.0068
99.875	0.0075	0.0007	0.0068
99.900	0.0075	0.0007	0.0068
99.925	0.0075	0.0007	0.0067
99.950	0.0075	0.0007	0.0067
99.975	0.0074	0.0007	0.0067
100.000	0.0074	0.0007	0.0067
100.025	0.0074	0.0007	0.0067
100.050	0.0074	0.0007	0.0067
100.075	0.0074	0.0007	0.0067
100.100	0.0074	0.0007	0.0067
100.125	0.0074	0.0007	0.0067
100.150	0.0074	0.0007	0.0066
100.175	0.0073	0.0007	0.0066
100.200	0.0073	0.0007	0.0066
100.225	0.0073	0.0007	0.0066
100.250	0.0073	0.0007	0.0066
100.275	0.0073	0.0007	0.0066
100.300	0.0073	0.0007	0.0066
100.325	0.0073	0.0007	0.0066
100.350	0.0073	0.0007	0.0066
100.375	0.0072	0.0007	0.0066
100.400	0.0072	0.0007	0.0065
100.425	0.0072	0.0007	0.0065
100.450	0.0072	0.0007	0.0065
100.475	0.0072	0.0007	0.0065
100.500	0.0072	0.0007	0.0065
100.525	0.0072	0.0007	0.0065
100.550	0.0072	0.0007	0.0065
100.575	0.0071	0.0007	0.0065
100.600	0.0071	0.0007	0.0065
100.625	0.0071	0.0007	0.0064
100.650	0.0071	0.0007	0.0064
100.675	0.0071	0.0007	0.0064
100.700	0.0071	0.0007	0.0064
100.725	0.0071	0.0007	0.0064
100.750	0.0071	0.0007	0.0064
100.775	0.0070	0.0007	0.0064
100.800	0.0070	0.0007	0.0064
100.825	0.0070	0.0007	0.0064
100.850	0.0070	0.0007	0.0064
100.875	0.0070	0.0007	0.0063
100.900	0.0070	0.0007	0.0063
100.925	0.0070	0.0007	0.0063
100.950	0.0070	0.0007	0.0063
100.975	0.0069	0.0006	0.0063
101.000	0.0069	0.0006	0.0063
101.025	0.0069	0.0006	0.0063
101.050	0.0069	0.0006	0.0063
101.075	0.0069	0.0006	0.0063
101.100	0.0069	0.0006	0.0062
101.125	0.0069	0.0006	0.0062
101.150	0.0069	0.0006	0.0062
101.175	0.0068	0.0006	0.0062
101.200	0.0068	0.0006	0.0062
101.225	0.0068	0.0006	0.0062
101.250	0.0068	0.0006	0.0062
101.275	0.0068	0.0006	0.0062
101.300	0.0068	0.0006	0.0062
101.325	0.0068	0.0006	0.0062
101.350	0.0068	0.0006	0.0061
101.375	0.0068	0.0006	0.0061
101.400	0.0068	0.0006	0.0061
101.425	0.0067	0.0006	0.0061
101.450	0.0067	0.0006	0.0061
101.475	0.0067	0.0006	0.0061
101.500	0.0067	0.0006	0.0061
101.525	0.0067	0.0006	0.0061
101.550	0.0067	0.0006	0.0061
101.575	0.0068	0.0006	0.0061
101.600	0.0068	0.0006	0.0061
101.625	0.0068	0.0006	0.0061
101.650	0.0068	0.0006	0.0062
101.675	0.0068	0.0006	0.0062
101.700	0.0068	0.0006	0.0062
101.725	0.0068	0.0006	0.0062
101.750	0.0068	0.0006	0.0062
101.775	0.0068	0.0006	0.0062
101.800	0.0068	0.0006	0.0062
101.825	0.0068	0.0006	0.0062
101.850	0.0068	0.0006	0.0062
101.875	0.0069	0.0006	0.0062
101.900	0.0069	0.0006	0.0062
101.925	0.0069	0.0006	0.0062
101.950	0.0069	0.0006	0.0062
101.975	0.0069	0.0007	0.0063
102.000	0.0069	0.0007	0.0063
102.025	0.0069	0.0007	0.0063
102.050	0.0069	0.0007	0.0063
102.075	0.0070	0.0007	0.0063
102.100	0.0070	0.0007	0.0063
102.125	0.0070	0.0007	0.0063
102.150	0.0070	0.0007	0.0063
102.175	0.0070	0.0007	0.0063
102.200	0.0070	0.0007	0.0063
102.225	0.0070	0.0007	0.0063
102.250	0.0070	0.0007	0.0063
102.275	0.0070	0.0007	0.0064
102.300	0.0071	0.0007	0.0064
102.325	0.0071	0.0007	0.0064
102.350	0.0071	0.0007	0.0064
102.375	0.0071	0.0007	0.0064
102.400	0.0071	0.0007	0.0064
102.425	0.0071	0.0007	0.0064
102.450	0.0071	0.0007	0.0064
102.475	0.0071	0.0007	0.0064
102.500	0.0071	0.0007	0.0064
102.525	0.0072	0.0007	0.0064
102.550	0.0072	0.0007	0.0064
102.575	0.0072	0.0007	0.0064
102.600	0.0072	0.0007	0.0064
102.625	0.0072	0.0007	0.0064
102.650	0.0072	0.0008	0.0064
102.675	0.0072	0.0008	0.0065
102.700	0.0072	0.0008	0.0065
102.725	0.0072	0.0008	0.0065
102.750	0.0072	0.0008	0.0065
102.775	0.0072	0.0008	0.0065
102.800	0.0072	0.0008	0.0065
102.825	0.0073	0.0008	0.0065
102.850	0.0073	0.0008	0.0065
102.875	0.0073	0.0008	0.0065
102.900	0.0073	0.0008	0.0065
102.925	0.0073	0.0008	0.0065
102.950	0.0073	0.0008	0.0065
102.975	0.0073	0.0008	0.0065
103.000	0.0073	0.0008	0.0065
103.025	0.0073	0.0008	0.0065
103.050	0.0073	0.0008	0.0065
103.075	0.0073	0.0008	0.0065
103.100	0.0073	0.0008	0.0065
103.125	0.0073	0.0008	0.0065
103.150	0.0073	0.0008	0.0065
103.175	0.0073	0.0008	0.0065
103.200	0.0073	0.0008	0.0065
103.225	0.0073	0.0008	0.0065
103.250	0.0073	0.0008	0.0065
103.275	0.0073	0.0008	0.0065
103.300	0.0073	0.0008	0.0065
103.325	0.0073	0.0008	0.0065
103.350	0.0073	0.0008	0.0065
103.375	0.0073	0.0008	0.0065
103.400	0.0073	0.0008	0.0065
103.425	0.0073	0.0008	0.0065
103.450	0.0073	0.0008	0.0065
103.475	0.0073	0.0008	0.0065
103.500	0.0073	0.0008	0.0065
103.525	0.0073	0.0008	0.0065
103.550	0.0073	0.0008	0.0065
103.575	0.0073	0.0008	0.0065
103.600	0.0073	0.0009	0.0065
103.625	0.0073	0.0009	0.0065
103.650	0.0073	0.0009	0.0065
103.675	0.0073	0.0009	0.0065
103.700	0.0073	0.0009	0.0065
103.725	0.0073	0.0009	0.0065
103.750	0.0073	0.0009	0.0065
103.775	0.0073	0.0009	0.0065
103.800	0.0073	0.0009	0.0065
103.825	0.0073	0.0009	0.0065
103.850	0.0073	0.0009	0.0065
103.875	0.0073	0.0009	0.0065
103.900	0.0073	0.0009	0.0065
103.925	0.0073	0.0009	0.0065
103.950	0.0073	0.0009	0.0065
103.975	0.0073	0.0009	0.0065
104.000	0.0073	0.0009	0.0064
104.025	0.0073	0.0009	0.0064
104.050	0.0073	0.0009	0.0064
104.075	0.0073	0.0009	0.0064
104.100	0.0073	0.0009	0.0064
104.125	0.0073	0.0009	0.0064
104.150	0.0073	0.0009	0.0064
104.175	0.0073	0.0009	0.0064
104.200	0.0073	0.0009	0.0064
104.225	0.0073	0.0009	0.0064
104.250	0.0073	0.0009	0.0064
104.275	0.0073	0.0009	0.0064
104.300	0.0073	0.0009	0.0064
104.325	0.0073	0.0009	0.0064
104.350	0.0073	0.0009	0.0064
104.375	0.0073	0.0009	0.0064
104.400	0.0072	0.0009	0.0064
104.425	0.0072	0.0009	0.0064
104.450	0.0072	0.0009	0.0064
104.475	0.0072	0.0009	0.0064
104.500	0.0072	0.0009	0.0063
104.525	0.0072	0.0009	0.0063
104.550	0.0072	0.0009	0.0063
104.575	0.0072	0.0009	0.0063
104.600	0.0072	0.0009	0.0063
104.625	0.0072	0.0009	0.0063
104.650	0.0072	0.0009	0.0063
104.675	0.0072	0.0009	0.0063
104.700	0.0072	0.0009	0.0063
104.725	0.0072	0.0009	0.0063
104.750	0.0072	0.0009	0.0063
104.775	0.0072	0.0009	0.0063
104.800	0.0071	0.0009	0.0063
104.825	0.0071	0.0009	0.0063
104.850	0.0071	0.0009	0.0063
104.875	0.0071	0.0009	0.0063
104.900	0.0071	0.0009	0.0062
104.925	0.0071	0.0009	0.0062
104.950	0.0071	0.0009	0.0062
104.975	0.0071	0.0009	0.0062
105.000	0.0071	0.0009	0.0062
105.025	0.0071	0.0009	0.0062
105.050	0.0071	0.0009	0.0062
105.075	0.0071	0.0009	0.0062
105.100	0.0071	0.0009	0.0062
105.125	0.0070	0.0009	0.0062
105.150	0.0070	0.0009	0.0062
105.175	0.0070	0.0009	0.0062
105.200	0.0070	0.0009	0.0062
105.225	0.0070	0.0009	0.0061
105.250	0.0070	0.0009	0.0061
105.275	0.0070	0.0009	0.0061
105.300	0.0070	0.0009	0.0061
105.325	0.0070	0.0009	0.0061
105.350	0.0070	0.0009	0.0061
105.375	0.0070	0.0009	0.0061
105.400	0.0070	0.0009	0.0061
105.425	0.0069	0.0009	0.0061
105.450	0.0069	0.0009	0.0061
105.475	0.0069	0.0009	0.0061
105.500	0.0069	0.0009	0.0061
105.525	0.0069	0.0009	0.0061
105.550	0.0069	0.0009	0.0060
105.575	0.0069	0.0009	0.0060
105.600	0.0069	0.0008	0.0060
105.625	0.0069	0.0008	0.0060
105.650	0.0069	0.0008	0.0060
105.675	0.0069	0.0008	0.0060
105.700	0.0068	0.0008	0.0060
105.725	0.0068	0.0008	0.0060
105.750	0.0068	0.0008	0.0060
105.775	0.0068	0.0008	0.0060
105.800	0.0068	0.0008	0.0060
105.825	0.0068	0.0008	0.0060
105.850	0.0068	0.0008	0.0059
105.875	0.0068	0.0008	0.0059
105.900	0.0068	0.0008	0.0059
105.925	0.0068	0.0008	0.0059
105.950	0.0067	0.0008	0.0059
105.975	0.0067	0.0008	0.0059
106.000	0.0067	0.0008	0.0059
106.025	0.0067	0.0008	0.0059
106.050	0.0067	0.0008	0.0059
106.075	0.0067	0.0008	0.0059
106.100	0.0067	0.0008	0.0059
106.125	0.0067	0.0008	0.0059
106.150	0.0067	0.0008	0.0058
106.175	0.0067	0.0008	0.0058
106.200	0.0066	0.0008	0.0058
106.225	0.0066	0.0008	0.0058
106.250	0.0066	0.0008	0.0058
106.275	0.0066	0.0008	0.0058
106.300	0.0066	0.0008	0.0058
106.325	0.0066	0.0008	0.0058
106.350	0.0066	0.0008	0.0058
106.375	0.0066	0.0008	0.0058
106.400	0.0066	0.0008	0.0058
106.425	0.0065	0.0008	0.0057
106.450	0.0065	0.0008	0.0057
106.475	0.0065	0.0008	0.0057
106.500	0.0065	0.0008	0.0057
106.525	0.0065	0.0008	0.0057
106.550	0.0065	0.0008	0.0057
106.575	0.0065	0.0008	0.0057
106.600	0.0065	0.0008	0.0057
106.625	0.0065	0.0008	0.0057
106.650	0.0065	0.0008	0.0057
106.675	0.0064	0.0008	0.0057
106.700	0.0064	0.0008	0.0056
106.725	0.0064	0.0008	0.0056
106.750	0.0064	0.0008	0.0056
106.775	0.0064	0.0008	0.0056
106.800	0.0064	0.0008	0.0056
106.825	0.0064	0.0008	0.0056
106.850	0.0064	0.0008	0.0056
106.875	0.0064	0.0008	0.0056
106.900	0.0063	0.0008	0.0056
106.925	0.0063	0.0008	0.0056
106.950	0.0063	0.0008	0.0056
106.975	0.0063	0.0008	0.0055
107.000	0.0063	0.0008	0.0055
107.025	0.0063	0.0008	0.0055
107.050	0.0063	0.0008	0.0055
107.075	0.0063	0.0008	0.0055
107.100	0.0063	0.0008	0.0055
107.125	0.0062	0.0008	0.0055
107.150	0.0062	0.0008	0.0055
107.175	0.0062	0.0007	0.0055
107.200	0.0062	0.0007	0.0055
107.225	0.0062	0.0007	0.0055
107.250	0.0062	0.0007	0.0054
107.275	0.0062	0.0007	0.0054
107.300	0.0062	0.0007	0.0054
107.325	0.0062	0.0007	0.0054
107.350	0.0061	0.0007	0.0054
107.375	0.0061	0.0007	0.0054
107.400	0.0061	0.0007	0.0054
107.425	0.0061	0.0007	0.0054
107.450	0.0061	0.0007	0.0054
107.475	0.0061	0.0007	0.0054
107.500	0.0061	0.0007	0.0054
107.525	0.0061	0.0007	0.0053
107.550	0.0061	0.0007	0.0053
107.575	0.0060	0.0007	0.0053
107.600	0.0060	0.0007	0.0053
107.625	0.0060	0.0007	0.0053
107.650	0.0060	0.0007	0.0053
107.675	0.0060	0.0007	0.0053
107.700	0.0060	0.0007	0.0053
107.725	0.0060	0.0007	0.0053
107.750	0.0060	0.0007	0.0053
107.775	0.0060	0.0007	0.0053
107.800	0.0059	0.0007	0.0052
107.825	0.0059	0.0007	0.0052
107.850	0.0059	0.0007	0.0052
107.875	0.0059	0.0007	0.0052
107.900	0.0059	0.0007	0.0052
107.925	0.0059	0.0007	0.0052
107.950	0.0059	0.0007	0.0052
107.975	0.0059	0.0007	0.0052
108.000	0.0059	0.0007	0.0052
108.025	0.0058	0.0007	0.0052
108.050	0.0058	0.0007	0.0052
108.075	0.0058	0.0007	0.0051
108.100	0.0058	0.0007	0.0051
108.125	0.0058	0.0007	0.0051
108.150	0.0058	0.0007	0.0051
108.175	0.0058	0.0007	0.0051
108.200	0.0058	0.0007	0.0051
108.225	0.0058	0.0007	0.0051
108.250	0.0058	0.0007	0.0051
108.275	0.0057	0.0007	0.0051
108.300	0.0057	0.0007	0.0051
108.325	0.0057	0.0007	0.0051
108.350	0.0057	0.0007	0.0050
108.375	0.0057	0.0007	0.0050
108.400	0.0057	0.0007	0.0050
108.425	0.0057	0.0007	0.0050
108.450	0.0057	0.0007	0.0050
108.475	0.0057	0.0006	0.0050
108.500	0.0056	0.0006	0.0050
108.525	0.0056	0.0006	0.0050
108.550	0.0056	0.0006	0.0050
108.575	0.0056	0.0006	0.0050
108.600	0.0056	0.0006	0.0050
108.625	0.0056	0.0006	0.0050
108.650	0.0056	0.0006	0.0049
108.675	0.0056	0.0006	0.0049
108.700	0.0056	0.0006	0.0049
108.725	0.0055	0.0006	0.0049
108.750	0.0055	0.0006	0.0049
108.775	0.0055	0.0006	0.0049
108.800	0.0055	0.0006	0.0049
108.825	0.0055	0.0006	0.0049
108.850	0.0055	0.0006	0.0049
108.875	0.0055	0.0006	0.0049
108.900	0.0055	0.0006	0.0049
108.925	0.0055	0.0006	0.0048
108.950	0.0054	0.0006	0.0048
108.975	0.0054	0.0006	0.0048
109.000	0.0054	0.0006	0.0048
109.025	0.0054	0.0006	0.0048
109.050	0.0054	0.0006	0.0048
109.075	0.0054	0.0006	0.0048
109.100	0.0054	0.0006	0.0048
109.125	0.0054	0.0006	0.0048
109.150	0.0054	0.0006	0.0048
109.175	0.0054	0.0006	0.0048
109.200	0.0053	0.0006	0.0048
109.225	0.0053	0.0006	0.0047
109.250	0.0053	0.0006	0.0047
109.275	0.0053	0.0006	0.0047
109.300	0.0053	0.0006	0.0047
109.325	0.0053	0.0006	0.0047
109.350	0.0053	0.0006	0.0047
109.375	0.0053	0.0006	0.0047
109.400	0.0053	0.0006	0.0047
109.425	0.0053	0.0006	0.0047
109.450	0.0052	0.0006	0.0047
109.475	0.0052	0.0006	0.0047
109.500	0.0052	0.0006	0.0046
109.525	0.0052	0.0006	0.0046
109.550	0.0052	0.0006	0.0046
109.575	0.0052	0.0006	0.0046
109.600	0.0052	0.0006	0.0046
109.625	0.0052	0.0006	0.0046
109.650	0.0052	0.0006	0.0046
109.675	0.0051	0.0006	0.0046
109.700	0.0051	0.0006	0.0046
109.725	0.0051	0.0006	0.0046
109.750	0.0051	0.0006	0.0046
109.775	0.0051	0.0006	0.0046
109.800	0.0051	0.0005	0.0045
109.825	0.0051	0.0005	0.0045
109.850	0.0051	0.0005	0.0045
109.875	0.0051	0.0005	0.0045
109.900	0.0051	0.0005	0.0045
109.925	0.0050	0.0005	0.0045
109.950	0.0050	0.0005	0.0045
109.975	0.0050	0.0005	0.0045
110.000	0.0050	0.0005	0.0045
110.025	0.0050	0.0005	0.0045
110.050	0.0050	0.0005	0.0045
110.075	0.0050	0.0005	0.0045
110.100	0.0050	0.0005	0.0044
110.125	0.0050	0.0005	0.0044
110.150	0.0050	0.0005	0.0044
110.175	0.0049	0.0005	0.0044
110.200	0.0049	0.0005	0.0044
110.225	0.0049	0.0005	0.0044
110.250	0.0049	0.0005	0.0044
110.275	0.0049	0.0005	0.0044
110.300	0.0049	0.0005	0.0044
110.325	0.0049	0.0005	0.0044
110.350	0.0049	0.0005	0.0044
110.375	0.0049	0.0005	0.0044
110.400	0.0049	0.0005	0.0044
110.425	0.0049	0.0005	0.0043
110.450	0.0048	0.0005	0.0043
110.475	0.0048	0.0005	0.0043
110.500	0.0048	0.0005	0.0043
110.525	0.0048	0.0005	0.0043
110.550	0.0048	0.0005	0.0043
110.575	0.0048	0.0005	0.0043
110.600	0.0048	0.0005	0.0043
110.625	0.0048	0.0005	0.0043
110.650	0.0048	0.0005	0.0043
110.675	0.0048	0.0005	0.0043
110.700	0.0047	0.0005	0.0043
110.725	0.0047	0.0005	0.0042
110.750	0.0047	0.0005	0.0042
110.775	0.0047	0.0005	0.0042
110.800	0.0047	0.0005	0.0042
110.825	0.0047	0.0005	0.0042
110.850	0.0047	0.0005	0.0042
110.875	0.0047	0.0005	0.0042
110.900	0.0047	0.0005	0.0042
110.925	0.0047	0.0005	0.0042
110.950	0.0047	0.0005	0.0042
110.975	0.0046	0.0005	0.0042
111.000	0.0046	0.0005	0.0042
111.025	0.0046	0.0005	0.0042
111.050	0.0046	0.0005	0.0041
111.075	0.0046	0.0005	0.0041
111.100	0.0046	0.0005	0.0041
111.125	0.0046	0.0005	0.0041
111.150	0.0046	0.0005	0.0041
111.175	0.0046	0.0005	0.0041
111.200	0.0046	0.0005	0.0041
111.225	0.0046	0.0005	0.0041
111.250	0.0045	0.0005	0.0041
111.275	0.0045	0.0005	0.0041
111.300	0.0045	0.0005	0.0041
111.325	0.0045	0.0004	0.0041
111.350	0.0045	0.0004	0.0041
111.375	0.0045	0.0004	0.0041
111.400	0.0045	0.0004	0.0041
111.425	0.0045	0.0004	0.0041
111.450	0.0045	0.0004	0.0041
111.475	0.0045	0.0004	0.0041
111.500	0.0045	0.0004	0.0041
111.525	0.0045	0.0004	0.0041
111.550	0.0045	0.0004	0.0041
111.575	0.0045	0.0004	0.0041
111.600	0.0045	0.0004	0.0041
111.625	0.0045	0.0004	0.0041
111.650	0.0046	0.0005	0.0041
111.675	0.0046	0.0005	0.0041
111.700	0.0046	0.0005	0.0041
111.725	0.0046	0.0005	0.0041
111.750	0.0046	0.0005	0.0041
111.775	0.0046	0.0005	0.0042
111.800	0.0046	0.0005	0.0042
111.825	0.0046	0.0005	0.0042
111.850	0.0047	0.0005	0.0042
111.875	0.0047	0.0005	0.0042
111.900	0.0047	0.0005	0.0042
111.925	0.0047	0.0005	0.0042
111.950	0.0047	0.0005	0.0042
111.975	0.0047	0.0005	0.0042
112.000	0.0048	0.0005	0.0043
112.025	0.0048	0.0005	0.0043
112.050	0.0048	0.0005	0.0043
112.075	0.0048	0.0005	0.0043
112.100	0.0048	0.0005	0.0043
112.125	0.0048	0.0005	0.0043
112.150	0.0049	0.0005	0.0043
112.175	0.0049	0.0005	0.0043
112.200	0.0049	0.0005	0.0043
112.225	0.0049	0.0005	0.0044
112.250	0.0049	0.0005	0.0044
112.275	0.0049	0.0005	0.0044
112.300	0.0049	0.0005	0.0044
112.325	0.0050	0.0006	0.0044
112.350	0.0050	0.0006	0.0044
112.375	0.0050	0.0006	0.0044
112.400	0.0050	0.0006	0.0044
112.425	0.0050	0.0006	0.0044
112.450	0.0050	0.0006	0.0045
112.475	0.0050	0.0006	0.0045
112.500	0.0051	0.0006	0.0045
112.525	0.0051	0.0006	0.0045
112.550	0.0051	0.0006	0.0045
112.575	0.0051	0.0006	0.0045
112.600	0.0051	0.0006	0.0045
112.625	0.0051	0.0006	0.0045
112.650	0.0051	0.0006	0.0045
112.675	0.0052	0.0006	0.0045
112.700	0.0052	0.0006	0.0045
112.725	0.0052	0.0006	0.0045
112.750	0.0052	0.0006	0.0046
112.775	0.0052	0.0006	0.0046
112.800	0.0052	0.0006	0.0046
112.825	0.0052	0.0006	0.0046
112.850	0.0052	0.0006	0.0046
112.875	0.0052	0.0006	0.0046
112.900	0.0052	0.0007	0.0046
112.925	0.0053	0.0007	0.0046
112.950	0.0053	0.0007	0.0046
112.975	0.0053	0.0007	0.0046
113.000	0.0053	0.0007	0.0046
113.025	0.0053	0.0007	0.0046
113.050	0.0053	0.0007	0.0046
113.075	0.0053	0.0007	0.0046
113.100	0.0053	0.0007	0.0046
113.125	0.0053	0.0007	0.0046
113.150	0.0053	0.0007	0.0046
113.175	0.0053	0.0007	0.0047
113.200	0.0053	0.0007	0.0047
113.225	0.0054	0.0007	0.0047
113.250	0.0054	0.0007	0.0047
113.275	0.0054	0.0007	0.0047
113.300	0.0054	0.0007	0.0047
113.325	0.0054	0.0007	0.0047
113.350	0.0054	0.0007	0.0047
113.375	0.0054	0.0007	0.0047
113.400	0.0054	0.0007	0.0047
113.425	0.0054	0.0007	0.0047
113.450	0.0054	0.0007	0.0047
113.475	0.0054	0.0007	0.0047
113.500	0.0054	0.0007	0.0047
113.525	0.0054	0.0007	0.0047
113.550	0.0054	0.0007	0.0047
113.575	0.0054	0.0007	0.0047
113.600	0.0054	0.0007	0.0047
113.625	0.0054	0.0007	0.0047
113.650	0.0054	0.0007	0.0047
113.675	0.0054	0.0007	0.0047
113.700	0.0054	0.0007	0.0047
113.725	0.0054	0.0007	0.0047
113.750	0.0054	0.0007	0.0047
113.775	0.0054	0.0008	0.0047
113.800	0.0054	0.0008	0.0047
113.825	0.0054	0.0008	0.0047
113.850	0.0055	0.0008	0.0047
113.875	0.0055	0.0008	0.0047
113.900	0.0055	0.0008	0.0047
113.925	0.0055	0.0008	0.0047
113.950	0.0055	0.0008	0.0047
113.975	0.0055	0.0008	0.0047
114.000	0.0055	0.0008	0.0047
114.025	0.0055	0.0008	0.0047
114.050	0.0055	0.0008	0.0047
114.075	0.0055	0.0008	0.0047
114.100	0.0055	0.0008	0.0047
114.125	0.0055	0.0008	0.0047
114.150	0.0055	0.0008	0.0047
114.175	0.0055	0.0008	0.0047
114.200	0.0055	0.0008	0.0047
114.225	0.0055	0.0008	0.0047
114.250	0.0055	0.0008	0.0047
114.275	0.0054	0.0008	0.0047
114.300	0.0054	0.0008	0.0047
114.325	0.0054	0.0008	0.0047
114.350	0.0054	0.0008	0.0047
114.375	0.0054	0.0008	0.0047
114.400	0.0054	0.0008	0.0047
114.425	0.0054	0.0008	0.0047
114.450	0.0054	0.0008	0.0047
114.475	0.0054	0.0008	0.0046
114.500	0.0054	0.0008	0.0046
114.525	0.0054	0.0008	0.0046
114.550	0.0054	0.0008	0.0046
114.575	0.0054	0.0008	0.0046
114.600	0.0054	0.0008	0.0046
114.625	0.0054	0.0008	0.0046
114.650	0.0054	0.0008	0.0046
114.675	0.0054	0.0008	0.0046
114.700	0.0054	0.0008	0.0046
114.725	0.0054	0.0008	0.0046
114.750	0.0054	0.0008	0.0046
114.775	0.0054	0.0008	0.0046
114.800	0.0054	0.0008	0.0046
114.825	0.0054	0.0008	0.0046
114.850	0.0054	0.0008	0.0046
114.875	0.0054	0.0008	0.0046
114.900	0.0054	0.0008	0.0046
114.925	0.0054	0.0008	0.0046
114.950	0.0054	0.0008	0.0046
114.975	0.0054	0.0008	0.0046
115.000	0.0054	0.0008	0.0046
115.025	0.0054	0.0008	0.0046
115.050	0.0054	0.0008	0.0046
115.075	0.0053	0.0008	0.0046
115.100	0.0053	0.0008	0.0046
115.125	0.0053	0.0008	0.0045
115.150	0.0053	0.0008	0.0045
115.175	0.0053	0.0008	0.0045
115.200	0.0053	0.0008	0.0045
115.225	0.0053	0.0008	0.0045
115.250	0.0053	0.0008	0.0045
115.275	0.0053	0.0008	0.0045
115.300	0.0053	0.0008	0.0045
115.325	0.0053	0.0008	0.0045
115.350	0.0053	0.0008	0.0045
115.375	0.0053	0.0008	0.0045
115.400	0.0053	0.0008	0.0045
115.425	0.0053	0.0008	0.0045
115.450	0.0053	0.0008	0.0045
115.475	0.0053	0.0008	0.0045
115.500	0.0053	0.0008	0.0045
115.525	0.0052	0.0008	0.0045
115.550	0.0052	0.0008	0.0045
115.575	0.0052	0.0008	0.0045
115.600	0.0052	0.0008	0.0044
115.625	0.0052	0.0008	0.0044
115.650	0.0052	0.0008	0.0044
115.675	0.0052	0.0008	0.0044
115.700	0.0052	0.0008	0.0044
115.725	0.0052	0.0008	0.0044
115.750	0.0052	0.0008	0.0044
115.775	0.0052	0.0008	0.0044
115.800	0.0052	0.0008	0.0044
115.825	0.0052	0.0008	0.0044
115.850	0.0052	0.0008	0.0044
115.875	0.0052	0.0008	0.0044
115.900	0.0051	0.0008	0.0044
115.925	0.0051	0.0008	0.0044
115.950	0.0051	0.0008	0.0044
115.975	0.0051	0.0008	0.0044
116.000	0.0051	0.0008	0.0044
116.025	0.0051	0.0008	0.0043
116.050	0.0051	0.0008	0.0043
116.075	0.0051	0.0008	0.0043
116.100	0.0051	0.0008	0.0043
116.125	0.0051	0.0008	0.0043
116.150	0.0051	0.0008	0.0043
116.175	0.0051	0.0008	0.0043
116.200	0.0051	0.0008	0.0043
116.225	0.0051	0.0008	0.0043
116.250	0.0050	0.0008	0.0043
116.275	0.0050	0.0008	0.0043
116.300	0.0050	0.0008	0.0043
116.325	0.0050	0.0008	0.0043
116.350	0.0050	0.0008	0.0043
116.375	0.0050	0.0007	0.0043
116.400	0.0050	0.0007	0.0043
116.425	0.0050	0.0007	0.0042
116.450	0.0050	0.0007	0.0042
116.475	0.0050	0.0007	0.0042
116.500	0.0050	0.0007	0.0042
116.525	0.0050	0.0007	0.0042
116.550	0.0050	0.0007	0.0042
116.575	0.0049	0.0007	0.0042
116.600	0.0049	0.0007	0.0042
116.625	0.0049	0.0007	0.0042
116.650	0.0049	0.0007	0.0042
116.675	0.0049	0.0007	0.0042
116.700	0.0049	0.0007	0.0042
116.725	0.0049	0.0007	0.0042
116.750	0.0049	0.0007	0.0042
116.775	0.0049	0.0007	0.0042
116.800	0.0049	0.0007	0.0042
116.825	0.0049	0.0007	0.0041
116.850	0.0049	0.0007	0.0041
116.875	0.0049	0.0007	0.0041
116.900	0.0048	0.0007	0.0041
116.925	0.0048	0.0007	0.0041
116.950	0.0048	0.0007	0.0041
116.975	0.0048	0.0007	0.0041
117.000	0.0048	0.0007	0.0041
117.025	0.0048	0.0007	0.0041
117.050	0.0048	0.0007	0.0041
117.075	0.0048	0.0007	0.0041
117.100	0.0048	0.0007	0.0041
117.125	0.0048	0.0007	0.0041
117.150	0.0048	0.0007	0.0041
117.175	0.0048	0.0007	0.0041
117.200	0.0047	0.0007	0.0040
117.225	0.0047	0.0007	0.0040
117.250	0.0047	0.0007	0.0040
117.275	0.0047	0.0007	0.0040
117.300	0.0047	0.0007	0.0040
117.325	0.0047	0.0007	0.0040
117.350	0.0047	0.0007	0.0040
117.375	0.0047	0.0007	0.0040
117.400	0.0047	0.0007	0.0040
117.425	0.0047	0.0007	0.0040
117.450	0.0047	0.0007	0.0040
117.475	0.0047	0.0007	0.0040
117.500	0.0046	0.0007	0.0040
117.525	0.0046	0.0007	0.0040
117.550	0.0046	0.0007	0.0039
117.575	0.0046	0.0007	0.0039
117.600	0.0046	0.0007	0.0039
117.625	0.0046	0.0007	0.0039
117.650	0.0046	0.0007	0.0039
117.675	0.0046	0.0007	0.0039
117.700	0.0046	0.0007	0.0039
117.725	0.0046	0.0007	0.0039
117.750	0.0046	0.0007	0.0039
117.775	0.0046	0.0007	0.0039
117.800	0.0045	0.0007	0.0039
117.825	0.0045	0.0007	0.0039
117.850	0.0045	0.0007	0.0039
117.875	0.0045	0.0007	0.0039
117.900	0.0045	0.0007	0.0039
117.925	0.0045	0.0007	0.0038
117.950	0.0045	0.0007	0.0038
117.975	0.0045	0.0007	0.0038
118.000	0.0045	0.0007	0.0038
118.025	0.0045	0.0007	0.0038
118.050	0.0045	0.0006	0.0038
118.075	0.0045	0.0006	0.0038
118.100	0.0044	0.0006	0.0038
118.125	0.0044	0.0006	0.0038
118.150	0.0044	0.0006	0.0038
118.175	0.0044	0.0006	0.0038
118.200	0.0044	0.0006	0.0038
118.225	0.0044	0.0006	0.0038
118.250	0.0044	0.0006	0.0038
118.275	0.0044	0.0006	0.0038
118.300	0.0044	0.0006	0.0037
118.325	0.0044	0.0006	0.0037
118.350	0.0044	0.0006	0.0037
118.375	0.0044	0.0006	0.0037
118.400	0.0043	0.0006	0.0037
118.425	0.0043	0.0006	0.0037
118.450	0.0043	0.0006	0.0037
118.475	0.0043	0.0006	0.0037
118.500	0.0043	0.0006	0.0037
118.525	0.0043	0.0006	0.0037
118.550	0.0043	0.0006	0.0037
118.575	0.0043	0.0006	0.0037
118.600	0.0043	0.0006	0.0037
118.625	0.0043	0.0006	0.0037
118.650	0.0043	0.0006	0.0037
118.675	0.0043	0.0006	0.0036
118.700	0.0042	0.0006	0.0036
118.725	0.0042	0.0006	0.0036
118.750	0.0042	0.0006	0.0036
118.775	0.0042	0.0006	0.0036
118.800	0.0042	0.0006	0.0036
118.825	0.0042	0.0006	0.0036
118.850	0.0042	0.0006	0.0036
118.875	0.0042	0.0006	0.0036
118.900	0.0042	0.0006	0.0036
118.925	0.0042	0.0006	0.0036
118.950	0.0042	0.0006	0.0036
118.975	0.0042	0.0006	0.0036
119.000	0.0041	0.0006	0.0036
119.025	0.0041	0.0006	0.0036
119.050	0.0041	0.0006	0.0035
119.075	0.0041	0.0006	0.0035
119.100	0.0041	0.0006	0.0035
119.125	0.0041	0.0006	0.0035
119.150	0.0041	0.0006	0.0035
119.175	0.0041	0.0006	0.0035
119.200	0.0041	0.0006	0.0035
119.225	0.0041	0.0006	0.0035
119.250	0.0041	0.0006	0.0035
119.275	0.0041	0.0006	0.0035
119.300	0.0040	0.0006	0.0035
119.325	0.0040	0.0006	0.0035
119.350	0.0040	0.0006	0.0035
119.375	0.0040	0.0006	0.0035
119.400	0.0040	0.0006	0.0035
119.425	0.0040	0.0006	0.0034
119.450	0.0040	0.0006	0.0034
119.475	0.0040	0.0006	0.0034
119.500	0.0040	0.0006	0.0034
119.525	0.0040	0.0006	0.0034
119.550	0.0040	0.0005	0.0034
119.575	0.0040	0.0005	0.0034
119.600	0.0039	0.0005	0.0034
119.625	0.0039	0.0005	0.0034
119.650	0.0039	0.0005	0.0034
119.675	0.0039	0.0005	0.0034
119.700	0.0039	0.0005	0.0034
119.725	0.0039	0.0005	0.0034
119.750	0.0039	0.0005	0.0034
119.775	0.0039	0.0005	0.0034
119.800	0.0039	0.0005	0.0033
119.825	0.0039	0.0005	0.0033
119.850	0.0039	0.0005	0.0033
119.875	0.0039	0.0005	0.0033
119.900	0.0039	0.0005	0.0033
119.925	0.0038	0.0005	0.0033
119.950	0.0038	0.0005	0.0033
119.975	0.0038	0.0005	0.0033
120.000	0.0038	0.0005	0.0033
120.025	0.0038	0.0005	0.0033
120.050	0.0038	0.0005	0.0033
120.075	0.0038	0.0005	0.0033
120.100	0.0038	0.0005	0.0033
120.125	0.0038	0.0005	0.0033
120.150	0.0038	0.0005	0.0033
120.175	0.0038	0.0005	0.0033
120.200	0.0038	0.0005	0.0032
120.225	0.0037	0.0005	0.0032
120.250	0.0037	0.0005	0.0032
120.275	0.0037	0.0005	0.0032
120.300	0.0037	0.0005	0.0032
120.325	0.0037	0.0005	0.0032
120.350	0.0037	0.0005	0.0032
120.375	0.0037	0.0005	0.0032
120.400	0.0037	0.0005	0.0032
120.425	0.0037	0.0005	0.0032
120.450	0.0037	0.0005	0.0032
120.475	0.0037	0.0005	0.0032
120.500	0.0037	0.0005	0.0032
120.525	0.0037	0.0005	0.0032
120.550	0.0036	0.0005	0.0032
120.575	0.0036	0.0005	0.0032
120.600	0.0036	0.0005	0.0031
120.625	0.0036	0.0005	0.0031
120.650	0.0036	0.0005	0.0031
120.675	0.0036	0.0005	0.0031
120.700	0.0036	0.0005	0.0031
120.725	0.0036	0.0005	0.0031
120.750	0.0036	0.0005	0.0031
120.775	0.0036	0.0005	0.0031
120.800	0.0036	0.0005	0.0031
120.825	0.0036	0.0005	0.0031
120.850	0.0036	0.0005	0.0031
120.875	0.0036	0.0005	0.0031
120.900	0.0035	0.0005	0.0031
120.925	0.0035	0.0005	0.0031
120.950	0.0035	0.0005	0.0031
120.975	0.0035	0.0005	0.0031
121.000	0.0035	0.0005	0.0031
121.025	0.0035	0.0005	0.0030
121.050	0.0035	0.0005	0.0030
121.075	0.0035	0.0005	0.0030
121.100	0.0035	0.0005	0.0030
121.125	0.0035	0.0005	0.0030
121.150	0.0035	0.0005	0.0030
121.175	0.0035	0.0005	0.0030
121.200	0.0035	0.0004	0.0030
121.225	0.0034	0.0004	0.0030
121.250	0.0034	0.0004	0.0030
121.275	0.0034	0.0004	0.0030
121.300	0.0034	0.0004	0.0030
121.325	0.0034	0.0004	0.0030
121.350	0.0034	0.0004	0.0030
121.375	0.0034	0.0004	0.0030
121.400	0.0034	0.0004	0.0030
121.425	0.0034	0.0004	0.0030
121.450	0.0034	0.0004	0.0030
121.475	0.0034	0.0004	0.0030
121.500	0.0034	0.0004	0.0030
121.525	0.0034	0.0004	0.0030
121.550	0.0034	0.0004	0.0030
121.575	0.0035	0.0004	0.0030
121.600	0.0035	0.0004	0.0030
121.625	0.0035	0.0004	0.0030
121.650	0.0035	0.0004	0.0030
121.675	0.0035	0.0004	0.0031
121.700	0.0035	0.0005	0.0031
121.725	0.0035	0.0005	0.0031
121.750	0.0035	0.0005	0.0031
121.775	0.0036	0.0005	0.0031
121.800	0.0036	0.0005	0.0031
121.825	0.0036	0.0005	0.0031
121.850	0.0036	0.0005	0.0031
121.875	0.0036	0.0005	0.0032
121.900	0.0036	0.0005	0.0032
121.925	0.0037	0.0005	0.0032
121.950	0.0037	0.0005	0.0032
121.975	0.0037	0.0005	0.0032
122.000	0.0037	0.0005	0.0032
122.025	0.0037	0.0005	0.0032
122.050	0.0037	0.0005	0.0032
122.075	0.0038	0.0005	0.0033
122.100	0.0038	0.0005	0.0033
122.125	0.0038	0.0005	0.0033
122.150	0.0038	0.0005	0.0033
122.175	0.0038	0.0005	0.0033
122.200	0.0039	0.0005	0.0033
122.225	0.0039	0.0005	0.0033
122.250	0.0039	0.0005	0.0034
122.275	0.0039	0.0005	0.0034
122.300	0.0039	0.0006	0.0034
122.325	0.0039	0.0006	0.0034
122.350	0.0040	0.0006	0.0034
122.375	0.0040	0.0006	0.0034
122.400	0.0040	0.0006	0.0034
122.425	0.0040	0.0006	0.0034
122.450	0.0040	0.0006	0.0034
122.475	0.0040	0.0006	0.0035
122.500	0.0041	0.0006	0.0035
122.525	0.0041	0.0006	0.0035
122.550	0.0041	0.0006	0.0035
122.575	0.0041	0.0006	0.0035
122.600	0.0041	0.0006	0.0035
122.625	0.0041	0.0006	0.0035
122.650	0.0041	0.0006	0.0035
122.675	0.0042	0.0006	0.0035
122.700	0.0042	0.0006	0.0036
122.725	0.0042	0.0006	0.0036
122.750	0.0042	0.0006	0.0036
122.775	0.0042	0.0006	0.0036
122.800	0.0042	0.0006	0.0036
122.825	0.0042	0.0006	0.0036
122.850	0.0043	0.0007	0.0036
122.875	0.0043	0.0007	0.0036
122.900	0.0043	0.0007	0.0036
122.925	0.0043	0.0007	0.0036
122.950	0.0043	0.0007	0.0036
122.975	0.0043	0.0007	0.0036
123.000	0.0043	0.0007	0.0036
123.025	0.0043	0.0007	0.0037
123.050	0.0043	0.0007	0.0037
123.075	0.0044	0.0007	0.0037
123.100	0.0044	0.0007	0.0037
123.125	0.0044	0.0007	0.0037
123.150	0.0044	0.0007	0.0037
123.175	0.0044	0.0007	0.0037
123.200	0.0044	0.0007	0.0037
123.225	0.0044	0.0007	0.0037
123.250	0.0044	0.0007	0.0037
123.275	0.0044	0.0007	0.0037
123.300	0.0045	0.0007	0.0037
123.325	0.0045	0.0007	0.0037
123.350	0.0045	0.0007	0.0038
123.375	0.0045	0.0007	0.0038
123.400	0.0045	0.0007	0.0038
123.425	0.0046	0.0007	0.0038
123.450	0.0046	0.0007	0.0038
123.475	0.0046	0.0007	0.0038
123.500	0.0046	0.0008	0.0039
123.525	0.0046	0.0008	0.0039
123.550	0.0047	0.0008	0.0039
123.575	0.0047	0.0008	0.0039
123.600	0.0047	0.0008	0.0039
123.625	0.0048	0.0008	0.0040
123.650	0.0048	0.0008	0.0040
123.675	0.0048	0.0008	0.0040
123.700	0.0048	0.0008	0.0040
123.725	0.0049	0.0008	0.0040
123.750	0.0049	0.0008	0.0041
123.775	0.0049	0.0008	0.0041
123.800	0.0049	0.0008	0.0041
123.825	0.0050	0.0008	0.0041
123.850	0.0050	0.0008	0.0041
123.875	0.0050	0.0009	0.0042
123.900	0.0050	0.0009	0.0042
123.925	0.0051	0.0009	0.0042
123.950	0.0051	0.0009	0.0042
123.975	0.0051	0.0009	0.0042
124.000	0.0052	0.0009	0.0043
124.025	0.0052	0.0009	0.0043
124.050	0.0052	0.0009	0.0043
124.075	0.0052	0.0009	0.0043
124.100	0.0053	0.0009	0.0043
124.125	0.0053	0.0009	0.0044
124.150	0.0053	0.0009	0.0044
124.175	0.0053	0.0009	0.0044
124.200	0.0054	0.0010	0.0044
124.225	0.0054	0.0010	0.0044
124.250	0.0054	0.0010	0.0044
124.275	0.0054	0.0010	0.0045
124.300	0.0055	0.0010	0.0045
124.325	0.0055	0.0010	0.0045
124.350	0.0055	0.0010	0.0045
124.375	0.0055	0.0010	0.0045
124.400	0.0055	0.0010	0.0045
124.425	0.0056	0.0010	0.0045
124.450	0.0056	0.0010	0.0046
124.475	0.0056	0.0010	0.0046
124.500	0.0056	0.0010	0.0046
124.525	0.0056	0.0010	0.0046
124.550	0.0057	0.0010	0.0046
124.575	0.0057	0.0010	0.0046
124.600	0.0057	0.0011	0.0046
124.625	0.0057	0.0011	0.0047
124.650	0.0057	0.0011	0.0047
124.675	0.0057	0.0011	0.0047
124.700	0.0058	0.0011	0.0047
124.725	0.0058	0.0011	0.0047
124.750	0.0058	0.0011	0.0047
124.775	0.0058	0.0011	0.0047
124.800	0.0058	0.0011	0.0047
124.825	0.0058	0.0011	0.0047
124.850	0.0059	0.0011	0.0047
124.875	0.0059	0.0011	0.0048
124.900	0.0059	0.0011	0.0048
124.925	0.0059	0.0011	0.0048
124.950	0.0059	0.0011	0.0048
124.975	0.0059	0.0011	0.0048
125.000	0.0059	0.0011	0.0048
125.025	0.0059	0.0011	0.0048
125.050	0.0060	0.0011	0.0048
125.075	0.0060	0.0012	0.0048
125.100	0.0060	0.0012	0.0048
125.125	0.0060	0.0012	0.0048
125.150	0.0060	0.0012	0.0048
125.175	0.0060	0.0012	0.0048
125.200	0.0060	0.0012	0.0049
125.225	0.0060	0.0012	0.0049
125.250	0.0060	0.0012	0.0049
125.275	0.0060	0.0012	0.0049
125.300	0.0061	0.0012	0.0049
125.325	0.0061	0.0012	0.0049
125.350	0.0061	0.0012	0.0049
125.375	0.0061	0.0012	0.0049
125.400	0.0061	0.0012	0.0049
125.425	0.0061	0.0012	0.0049
125.450	0.0061	0.0012	0.0049
125.475	0.0061	0.0012	0.0049
125.500	0.0061	0.0012	0.0049
125.525	0.0061	0.0012	0.0049
125.550	0.0061	0.0012	0.0049
125.575	0.0061	0.0012	0.0049
125.600	0.0061	0.0012	0.0049
125.625	0.0061	0.0012	0.0049
125.650	0.0061	0.0012	0.0049
125.675	0.0061	0.0012	0.0049
125.700	0.0061	0.0012	0.0049
125.725	0.0062	0.0012	0.0049
125.750	0.0062	0.0012	0.0049
125.775	0.0062	0.0012	0.0049
125.800	0.0062	0.0012	0.0049
125.825	0.0062	0.0012	0.0049
125.850	0.0062	0.0012	0.0049
125.875	0.0062	0.0012	0.0049
125.900	0.0062	0.0012	0.0049
125.925	0.0062	0.0012	0.0049
125.950	0.0062	0.0012	0.0049
125.975	0.0062	0.0012	0.0049
126.000	0.0062	0.0012	0.0049
126.025	0.0062	0.0012	0.0049
126.050	0.0062	0.0012	0.0049
126.075	0.0062	0.0012	0.0049
126.100	0.0062	0.0012	0.0049
126.125	0.0062	0.0013	0.0049
126.150	0.0062	0.0013	0.0049
126.175	0.0062	0.0013	0.0049
126.200	0.0062	0.0013	0.0049
126.225	0.0062	0.0013	0.0049
126.250	0.0062	0.0013	0.0049
126.275	0.0062	0.0013	0.0049
126.300	0.0062	0.0013	0.0049
126.325	0.0062	0.0013	0.0049
126.350	0.0062	0.0013	0.0049
126.375	0.0062	0.0013	0.0049
126.400	0.0062	0.0013	0.0049
126.425	0.0062	0.0013	0.0049
126.450	0.0062	0.0013	0.0049
126.475	0.0062	0.0013	0.0049
126.500	0.0061	0.0013	0.0049
126.525	0.0061	0.0013	0.0049
126.550	0.0061	0.0013	0.0049
126.575	0.0061	0.0013	0.0049
126.600	0.0061	0.0013	0.0049
126.625	0.0061	0.0013	0.0049
126.650	0.0061	0.0013	0.0049
126.675	0.0061	0.0013	0.0049
126.700	0.0061	0.0013	0.0049
126.725	0.0061	0.0013	0.0049
126.750	0.0061	0.0013	0.0049
126.775	0.0061	0.0013	0.0049
126.800	0.0061	0.0013	0.0049
126.825	0.0061	0.0013	0.0048
126.850	0.0061	0.0013	0.0048
126.875	0.0061	0.0013	0.0048
126.900	0.0061	0.0012	0.0048
126.925	0.0061	0.0012	0.0048
126.950	0.0061	0.0012	0.0048
126.975	0.0061	0.0012	0.0048
127.000	0.0061	0.0012	0.0048
127.025	0.0061	0.0012	0.0048
127.050	0.0061	0.0012	0.0048
127.075	0.0060	0.0012	0.0048
127.100	0.0060	0.0012	0.0048
127.125	0.0060	0.0012	0.0048
127.150	0.0060	0.0012	0.0048
127.175	0.0060	0.0012	0.0048
127.200	0.0060	0.0012	0.0048
127.225	0.0060	0.0012	0.0048
127.250	0.0060	0.0012	0.0048
127.275	0.0060	0.0012	0.0048
127.300	0.0060	0.0012	0.0048
127.325	0.0060	0.0012	0.0047
127.350	0.0060	0.0012	0.0047
127.375	0.0060	0.0012	0.0047
127.400	0.0060	0.0012	0.0047
127.425	0.0060	0.0012	0.0047
127.450	0.0059	0.0012	0.0047
127.475	0.0059	0.0012	0.0047
127.500	0.0059	0.0012	0.0047
127.525	0.0059	0.0012	0.0047
127.550	0.0059	0.0012	0.0047
127.575	0.0059	0.0012	0.0047
127.600	0.0059	0.0012	0.0047
127.625	0.0059	0.0012	0.0047
127.650	0.0059	0.0012	0.0047
127.675	0.0059	0.0012	0.0047
127.700	0.0059	0.0012	0.0047
127.725	0.0059	0.0012	0.0047
127.750	0.0059	0.0012	0.0046
127.775	0.0058	0.0012	0.0046
127.800	0.0058	0.0012	0.0046
127.825	0.0058	0.0012	0.0046
127.850	0.0058	0.0012	0.0046
127.875	0.0058	0.0012	0.0046
127.900	0.0058	0.0012	0.0046
127.925	0.0058	0.0012	0.0046
127.950	0.0058	0.0012	0.0046
127.975	0.0058	0.0012	0.0046
128.000	0.0058	0.0012	0.0046
128.025	0.0058	0.0012	0.0046
128.050	0.0058	0.0012	0.0046
128.075	0.0057	0.0012	0.0046
128.100	0.0057	0.0012	0.0046
128.125	0.0057	0.0012	0.0046
128.150	0.0057	0.0012	0.0045
128.175	0.0057	0.0012	0.0045
128.200	0.0057	0.0012	0.0045
128.225	0.0057	0.0012	0.0045
128.250	0.0057	0.0012	0.0045
128.275	0.0057	0.0012	0.0045
128.300	0.0057	0.0012	0.0045
128.325	0.0057	0.0012	0.0045
128.350	0.0056	0.0012	0.0045
128.375	0.0056	0.0012	0.0045
128.400	0.0056	0.0011	0.0045
128.425	0.0056	0.0011	0.0045
128.450	0.0056	0.0011	0.0045
128.475	0.0056	0.0011	0.0045
128.500	0.0056	0.0011	0.0044
128.525	0.0056	0.0011	0.0044
128.550	0.0056	0.0011	0.0044
128.575	0.0056	0.0011	0.0044
128.600	0.0055	0.0011	0.0044
128.625	0.0055	0.0011	0.0044
128.650	0.0055	0.0011	0.0044
128.675	0.0055	0.0011	0.0044
128.700	0.0055	0.0011	0.0044
128.725	0.0055	0.0011	0.0044
128.750	0.0055	0.0011	0.0044
128.775	0.0055	0.0011	0.0044
128.800	0.0055	0.0011	0.0044
128.825	0.0055	0.0011	0.0044
128.850	0.0054	0.0011	0.0043
128.875	0.0054	0.0011	0.0043
128.900	0.0054	0.0011	0.0043
128.925	0.0054	0.0011	0.0043
128.950	0.0054	0.0011	0.0043
128.975	0.0054	0.0011	0.0043
129.000	0.0054	0.0011	0.0043
129.025	0.0054	0.0011	0.0043
129.050	0.0054	0.0011	0.0043
129.075	0.0054	0.0011	0.0043
129.100	0.0053	0.0011	0.0043
129.125	0.0053	0.0011	0.0043
129.150	0.0053	0.0011	0.0043
129.175	0.0053	0.0011	0.0042
129.200	0.0053	0.0011	0.0042
129.225	0.0053	0.0011	0.0042
129.250	0.0053	0.0011	0.0042
129.275	0.0053	0.0011	0.0042
129.300	0.0053	0.0011	0.0042
129.325	0.0053	0.0011	0.0042
129.350	0.0052	0.0010	0.0042
129.375	0.0052	0.0010	0.0042
129.400	0.0052	0.0010	0.0042
129.425	0.0052	0.0010	0.0042
129.450	0.0052	0.0010	0.0042
129.475	0.0052	0.0010	0.0042
129.500	0.0052	0.0010	0.0041
129.525	0.0052	0.0010	0.0041
129.550	0.0052	0.0010	0.0041
129.575	0.0052	0.0010	0.0041
129.600	0.0051	0.0010	0.0041
129.625	0.0051	0.0010	0.0041
129.650	0.0051	0.0010	0.0041
129.675	0.0051	0.0010	0.0041
129.700	0.0051	0.0010	0.0041
129.725	0.0051	0.0010	0.0041
129.750	0.0051	0.0010	0.0041
129.775	0.0051	0.0010	0.0041
129.800	0.0051	0.0010	0.0041
129.825	0.0051	0.0010	0.0041
129.850	0.0050	0.0010	0.0041
129.875	0.0050	0.0010	0.0041
129.900	0.0050	0.0010	0.0041
129.925	0.0050	0.0010	0.0041
129.950	0.0050	0.0010	0.0041
129.975	0.0050	0.0010	0.0041
130.000	0.0050	0.0010	0.0041
130.025	0.0051	0.0010	0.0041
130.050	0.0051	0.0010	0.0041
130.075	0.0051	0.0010	0.0041
130.100	0.0051	0.0010	0.0041
130.125	0.0051	0.0010	0.0041
130.150	0.0051	0.0010	0.0041
130.175	0.0051	0.0010	0.0041
130.200	0.0051	0.0010	0.0041
130.225	0.0051	0.0010	0.0041
130.250	0.0051	0.0010	0.0041
130.275	0.0051	0.0010	0.0042
130.300	0.0052	0.0010	0.0042
130.325	0.0052	0.0010	0.0042
130.350	0.0052	0.0010	0.0042
130.375	0.0052	0.0010	0.0042
130.400	0.0052	0.0010	0.0042
130.425	0.0052	0.0010	0.0042
130.450	0.0052	0.0010	0.0042
130.475	0.0053	0.0010	0.0042
130.500	0.0053	0.0010	0.0043
130.525	0.0053	0.0010	0.0043
130.550	0.0053	0.0010	0.0043
130.575	0.0053	0.0010	0.0043
130.600	0.0053	0.0010	0.0043
130.625	0.0053	0.0010	0.0043
130.650	0.0054	0.0010	0.0043
130.675	0.0054	0.0010	0.0043
130.700	0.0054	0.0010	0.0043
130.725	0.0054	0.0010	0.0044
130.750	0.0054	0.0010	0.0044
130.775	0.0054	0.0010	0.0044
130.800	0.0054	0.0011	0.0044
130.825	0.0054	0.0011	0.0044
130.850	0.0055	0.0011	0.0044
130.875	0.0055	0.0011	0.0044
130.900	0.0055	0.0011	0.0044
130.925	0.0055	0.0011	0.0044
130.950	0.0055	0.0011	0.0044
130.975	0.0055	0.0011	0.0045
131.000	0.0055	0.0011	0.0045
131.025	0.0055	0.0011	0.0045
131.050	0.0056	0.0011	0.0045
131.075	0.0056	0.0011	0.0045
131.100	0.0056	0.0011	0.0045
131.125	0.0056	0.0011	0.0045
131.150	0.0056	0.0011	0.0045
131.175	0.0056	0.0011	0.0045
131.200	0.0056	0.0011	0.0045
131.225	0.0056	0.0011	0.0045
131.250	0.0056	0.0011	0.0045
131.275	0.0056	0.0011	0.0045
131.300	0.0057	0.0011	0.0045
131.325	0.0057	0.0011	0.0046
131.350	0.0057	0.0011	0.0046
131.375	0.0057	0.0011	0.0046
131.400	0.0057	0.0011	0.0046
131.425	0.0057	0.0011	0.0046
131.450	0.0057	0.0011	0.0046
131.475	0.0058	0.0011	0.0046
131.500	0.0058	0.0011	0.0046
131.525	0.0058	0.0011	0.0047
131.550	0.0058	0.0011	0.0047
131.575	0.0058	0.0011	0.0047
131.600	0.0059	0.0012	0.0047
131.625	0.0059	0.0012	0.0047
131.650	0.0059	0.0012	0.0047
131.675	0.0059	0.0012	0.0048
131.700	0.0060	0.0012	0.0048
131.725	0.0060	0.0012	0.0048
131.750	0.0060	0.0012	0.0048
131.775	0.0060	0.0012	0.0048
131.800	0.0061	0.0012	0.0049
131.825	0.0061	0.0012	0.0049
131.850	0.0061	0.0012	0.0049
131.875	0.0061	0.0012	0.0049
131.900	0.0062	0.0012	0.0049
131.925	0.0062	0.0012	0.0050
131.950	0.0062	0.0012	0.0050
131.975	0.0062	0.0012	0.0050
132.000	0.0063	0.0012	0.0050
132.025	0.0063	0.0012	0.0050
132.050	0.0063	0.0013	0.0051
132.075	0.0063	0.0013	0.0051
132.100	0.0064	0.0013	0.0051
132.125	0.0064	0.0013	0.0051
132.150	0.0064	0.0013	0.0051
132.175	0.0064	0.0013	0.0052
132.200	0.0065	0.0013	0.0052
132.225	0.0065	0.0013	0.0052
132.250	0.0065	0.0013	0.0052
132.275	0.0065	0.0013	0.0052
132.300	0.0066	0.0013	0.0052
132.325	0.0066	0.0013	0.0053
132.350	0.0066	0.0013	0.0053
132.375	0.0066	0.0013	0.0053
132.400	0.0067	0.0013	0.0053
132.425	0.0067	0.0014	0.0053
132.450	0.0067	0.0014	0.0053
132.475	0.0067	0.0014	0.0054
132.500	0.0067	0.0014	0.0054
132.525	0.0068	0.0014	0.0054
132.550	0.0068	0.0014	0.0054
132.575	0.0068	0.0014	0.0054
132.600	0.0068	0.0014	0.0054
132.625	0.0068	0.0014	0.0054
132.650	0.0068	0.0014	0.0054
132.675	0.0069	0.0014	0.0055
132.700	0.0069	0.0014	0.0055
132.725	0.0069	0.0014	0.0055
132.750	0.0069	0.0014	0.0055
132.775	0.0069	0.0014	0.0055
132.800	0.0069	0.0014	0.0055
132.825	0.0070	0.0014	0.0055
132.850	0.0070	0.0014	0.0055
132.875	0.0070	0.0014	0.0055
132.900	0.0070	0.0014	0.0056
132.925	0.0070	0.0015	0.0056
132.950	0.0070	0.0015	0.0056
132.975	0.0070	0.0015	0.0056
133.000	0.0071	0.0015	0.0056
133.025	0.0071	0.0015	0.0056
133.050	0.0071	0.0015	0.0056
133.075	0.0071	0.0015	0.0056
133.100	0.0071	0.0015	0.0056
133.125	0.0071	0.0015	0.0056
133.150	0.0071	0.0015	0.0056
133.175	0.0071	0.0015	0.0056
133.200	0.0071	0.0015	0.0056
133.225	0.0071	0.0015	0.0057
133.250	0.0072	0.0015	0.0057
133.275	0.0072	0.0015	0.0057
133.300	0.0072	0.0015	0.0057
133.325	0.0072	0.0015	0.0057
133.350	0.0072	0.0015	0.0057
133.375	0.0072	0.0015	0.0057
133.400	0.0073	0.0015	0.0057
133.425	0.0073	0.0015	0.0058
133.450	0.0073	0.0015	0.0058
133.475	0.0073	0.0015	0.0058
133.500	0.0074	0.0015	0.0058
133.525	0.0074	0.0015	0.0058
133.550	0.0074	0.0015	0.0059
133.575	0.0074	0.0016	0.0059
133.600	0.0075	0.0016	0.0059
133.625	0.0075	0.0016	0.0059
133.650	0.0075	0.0016	0.0059
133.675	0.0075	0.0016	0.0060
133.700	0.0076	0.0016	0.0060
133.725	0.0076	0.0016	0.0060
133.750	0.0076	0.0016	0.0060
133.775	0.0076	0.0016	0.0060
133.800	0.0077	0.0016	0.0060
133.825	0.0077	0.0016	0.0061
133.850	0.0077	0.0016	0.0061
133.875	0.0077	0.0016	0.0061
133.900	0.0078	0.0016	0.0061
133.925	0.0078	0.0016	0.0061
133.950	0.0078	0.0016	0.0062
133.975	0.0078	0.0017	0.0062
134.000	0.0079	0.0017	0.0062
134.025	0.0079	0.0017	0.0062
134.050	0.0079	0.0017	0.0062
134.075	0.0079	0.0017	0.0062
134.100	0.0079	0.0017	0.0063
134.125	0.0080	0.0017	0.0063
134.150	0.0080	0.0017	0.0063
134.175	0.0080	0.0017	0.0063
134.200	0.0080	0.0017	0.0063
134.225	0.0080	0.0017	0.0063
134.250	0.0081	0.0017	0.0064
134.275	0.0081	0.0017	0.0064
134.300	0.0081	0.0017	0.0064
134.325	0.0081	0.0017	0.0064
134.350	0.0081	0.0017	0.0064
134.375	0.0082	0.0017	0.0064
134.400	0.0082	0.0017	0.0064
134.425	0.0082	0.0018	0.0064
134.450	0.0082	0.0018	0.0065
134.475	0.0082	0.0018	0.0065
134.500	0.0082	0.0018	0.0065
134.525	0.0083	0.0018	0.0065
134.550	0.0083	0.0018	0.0065
134.575	0.0083	0.0018	0.0065
134.600	0.0083	0.0018	0.0065
134.625	0.0083	0.0018	0.0065
134.650	0.0083	0.0018	0.0065
134.675	0.0083	0.0018	0.0066
134.700	0.0084	0.0018	0.0066
134.725	0.0084	0.0018	0.0066
134.750	0.0084	0.0018	0.0066
134.775	0.0084	0.0018	0.0066
134.800	0.0084	0.0018	0.0066
134.825	0.0084	0.0018	0.0066
134.850	0.0084	0.0018	0.0066
134.875	0.0084	0.0018	0.0066
134.900	0.0084	0.0018	0.0066
134.925	0.0085	0.0018	0.0066
134.950	0.0085	0.0018	0.0066
134.975	0.0085	0.0018	0.0066
135.000	0.0085	0.0018	0.0066
135.025	0.0085	0.0018	0.0066
135.050	0.0085	0.0018	0.0066
135.075	0.0085	0.0018	0.0067
135.100	0.0085	0.0018	0.0067
135.125	0.0085	0.0019	0.0067
135.150	0.0085	0.0019	0.0067
135.175	0.0085	0.0019	0.0067
135.200	0.0085	0.0019	0.0067
135.225	0.0085	0.0019	0.0067
135.250	0.0085	0.0019	0.0067
135.275	0.0085	0.0019	0.0067
135.300	0.0085	0.0019	0.0067
135.325	0.0085	0.0019	0.0067
135.350	0.0086	0.0019	0.0067
135.375	0.0086	0.0019	0.0067
135.400	0.0086	0.0019	0.0067
135.425	0.0086	0.0019	0.0067
135.450	0.0086	0.0019	0.0067
135.475	0.0086	0.0019	0.0067
135.500	0.0086	0.0019	0.0067
135.525	0.0086	0.0019	0.0067
135.550	0.0086	0.0019	0.0067
135.575	0.0086	0.0019	0.0067
135.600	0.0086	0.0019	0.0067
135.625	0.0086	0.0019	0.0067
135.650	0.0086	0.0019	0.0067
135.675	0.0086	0.0019	0.0067
135.700	0.0086	0.0019	0.0067
135.725	0.0086	0.0019	0.0067
135.750	0.0086	0.0019	0.0067
135.775	0.0086	0.0019	0.0067
135.800	0.0086	0.0019	0.0067
135.825	0.0085	0.0019	0.0067
135.850	0.0085	0.0019	0.0067
135.875	0.0085	0.0019	0.0067
135.900	0.0085	0.0019	0.0067
135.925	0.0085	0.0019	0.0067
135.950	0.0085	0.0019	0.0067
135.975	0.0085	0.0019	0.0067
136.000	0.0085	0.0019	0.0067
136.025	0.0085	0.0019	0.0066
136.050	0.0085	0.0019	0.0066
136.075	0.0085	0.0019	0.0066
136.100	0.0085	0.0019	0.0066
136.125	0.0085	0.0019	0.0066
136.150	0.0085	0.0019	0.0066
136.175	0.0085	0.0019	0.0066
136.200	0.0085	0.0019	0.0066
136.225	0.0085	0.0019	0.0066
136.250	0.0085	0.0019	0.0066
136.275	0.0085	0.0019	0.0066
136.300	0.0085	0.0019	0.0066
136.325	0.0085	0.0019	0.0066
136.350	0.0084	0.0019	0.0066
136.375	0.0084	0.0019	0.0066
136.400	0.0084	0.0018	0.0066
136.425	0.0084	0.0018	0.0066
136.450	0.0084	0.0018	0.0066
136.475	0.0084	0.0018	0.0066
136.500	0.0084	0.0018	0.0066
136.525	0.0084	0.0018	0.0066
136.550	0.0084	0.0018	0.0065
136.575	0.0084	0.0018	0.0065
136.600	0.0084	0.0018	0.0065
136.625	0.0084	0.0018	0.0065
136.650	0.0083	0.0018	0.0065
136.675	0.0083	0.0018	0.0065
136.700	0.0083	0.0018	0.0065
136.725	0.0083	0.0018	0.0065
136.750	0.0083	0.0018	0.0065
136.775	0.0083	0.0018	0.0065
136.800	0.0083	0.0018	0.0065
136.825	0.0083	0.0018	0.0065
136.850	0.0083	0.0018	0.0065
136.875	0.0083	0.0018	0.0065
136.900	0.0083	0.0018	0.0064
136.925	0.0082	0.0018	0.0064
136.950	0.0082	0.0018	0.0064
136.975	0.0082	0.0018	0.0064
137.000	0.0082	0.0018	0.0064
137.025	0.0082	0.0018	0.0064
137.050	0.0082	0.0018	0.0064
137.075	0.0082	0.0018	0.0064
137.100	0.0082	0.0018	0.0064
137.125	0.0082	0.0018	0.0064
137.150	0.0081	0.0018	0.0064
137.175	0.0081	0.0018	0.0064
137.200	0.0081	0.0018	0.0064
137.225	0.0081	0.0018	0.0063
137.250	0.0081	0.0018	0.0063
137.275	0.0081	0.0018	0.0063
137.300	0.0081	0.0018	0.0063
137.325	0.0081	0.0017	0.0063
137.350	0.0081	0.0017	0.0063
137.375	0.0080	0.0017	0.0063
137.400	0.0080	0.0017	0.0063
137.425	0.0080	0.0017	0.0063
137.450	0.0080	0.0017	0.0063
137.475	0.0080	0.0017	0.0063
137.500	0.0080	0.0017	0.0063
137.525	0.0080	0.0017	0.0062
137.550	0.0080	0.0017	0.0062
137.575	0.0079	0.0017	0.0062
137.600	0.0079	0.0017	0.0062
137.625	0.0079	0.0017	0.0062
137.650	0.0079	0.0017	0.0062
137.675	0.0079	0.0017	0.0062
137.700	0.0079	0.0017	0.0062
137.725	0.0079	0.0017	0.0062
137.750	0.0078	0.0017	0.0062
137.775	0.0078	0.0017	0.0062
137.800	0.0078	0.0017	0.0061
137.825	0.0078	0.0017	0.0061
137.850	0.0078	0.0017	0.0061
137.875	0.0078	0.0017	0.0061
137.900	0.0078	0.0017	0.0061
137.925	0.0077	0.0017	0.0061
137.950	0.0077	0.0016	0.0061
137.975	0.0077	0.0016	0.0060
138.000	0.0077	0.0016	0.0060
138.025	0.0076	0.0016	0.0060
138.050	0.0076	0.0016	0.0060
138.075	0.0075	0.0016	0.0060
138.100	0.0075	0.0016	0.0059
138.125	0.0075	0.0016	0.0059
138.150	0.0074	0.0015	0.0059
138.175	0.0074	0.0015	0.0058
138.200	0.0073	0.0015	0.0058
138.225	0.0073	0.0015	0.0058
138.250	0.0072	0.0015	0.0058
138.275	0.0072	0.0015	0.0057
138.300	0.0071	0.0014	0.0057
138.325	0.0071	0.0014	0.0057
138.350	0.0071	0.0014	0.0056
138.375	0.0070	0.0014	0.0056
138.400	0.0070	0.0014	0.0056
138.425	0.0069	0.0013	0.0056
138.450	0.0069	0.0013	0.0056
138.475	0.0068	0.0013	0.0055
138.500	0.0068	0.0013	0.0055
138.525	0.0067	0.0013	0.0055
138.550	0.0067	0.0013	0.0055
138.575	0.0067	0.0012	0.0054
138.600	0.0066	0.0012	0.0054
138.625	0.0066	0.0012	0.0054
138.650	0.0065	0.0012	0.0054
138.675	0.0065	0.0012	0.0053
138.700	0.0065	0.0011	0.0053
138.725	0.0064	0.0011	0.0053
138.750	0.0064	0.0011	0.0053
138.775	0.0063	0.0011	0.0053
138.800	0.0063	0.0011	0.0052
138.825	0.0063	0.0011	0.0052
138.850	0.0062	0.0010	0.0052
138.875	0.0062	0.0010	0.0052
138.900	0.0062	0.0010	0.0051
138.925	0.0061	0.0010	0.0051
138.950	0.0061	0.0010	0.0051
138.975	0.0060	0.0010	0.0051
139.000	0.0060	0.0009	0.0051
139.025	0.0060	0.0009	0.0050
139.050	0.0059	0.0009	0.0050
139.075	0.0059	0.0009	0.0050
139.100	0.0059	0.0009	0.0050
139.125	0.0058	0.0009	0.0050
139.150	0.0058	0.0009	0.0049
139.175	0.0058	0.0008	0.0049
139.200	0.0057	0.0008	0.0049
139.225	0.0057	0.0008	0.0049
139.250	0.0057	0.0008	0.0049
139.275	0.0056	0.0008	0.0048
139.300	0.0056	0.0008	0.0048
139.325	0.0056	0.0008	0.0048
139.350	0.0055	0.0007	0.0048
139.375	0.0055	0.0007	0.0048
139.400	0.0055	0.0007	0.0048
139.425	0.0054	0.0007	0.0047
139.450	0.0054	0.0007	0.0047
139.475	0.0054	0.0007	0.0047
139.500	0.0053	0.0007	0.0047
139.525	0.0053	0.0007	0.0047
139.550	0.0053	0.0006	0.0046
139.575	0.0053	0.0006	0.0046
139.600	0.0052	0.0006	0.0046
139.625	0.0052	0.0006	0.0046
139.650	0.0052	0.0006	0.0046
139.675	0.0051	0.0006	0.0046
139.700	0.0051	0.0006	0.0045
139.725	0.0051	0.0006	0.0045
139.750	0.0051	0.0006	0.0045
139.775	0.0050	0.0005	0.0045
139.800	0.0050	0.0005	0.0045
139.825	0.0050	0.0005	0.0045
139.850	0.0050	0.0005	0.0044
139.875	0.0049	0.0005	0.0044
139.900	0.0049	0.0005	0.0044
139.925	0.0049	0.0005	0.0044
139.950	0.0049	0.0005	0.0044
139.975	0.0049	0.0005	0.0044
140.000	0.0049	0.0005	0.0044
140.025	0.0048	0.0005	0.0044
140.050	0.0048	0.0004	0.0044
140.075	0.0048	0.0004	0.0044
140.100	0.0048	0.0004	0.0044
140.125	0.0048	0.0004	0.0044
140.150	0.0048	0.0004	0.0044
140.175	0.0048	0.0004	0.0044
140.200	0.0048	0.0004	0.0044
140.225	0.0048	0.0004	0.0044
140.250	0.0048	0.0004	0.0044
140.275	0.0048	0.0004	0.0044
140.300	0.0048	0.0004	0.0044
140.325	0.0048	0.0004	0.0044
140.350	0.0048	0.0004	0.0044
140.375	0.0048	0.0004	0.0044
140.400	0.0048	0.0004	0.0044
140.425	0.0048	0.0004	0.0044
140.450	0.0048	0.0004	0.0044
140.475	0.0048	0.0004	0.0044
140.500	0.0048	0.0004	0.0044
140.525	0.0048	0.0004	0.0044
140.550	0.0048	0.0004	0.0044
140.575	0.0048	0.0004	0.0045
140.600	0.0048	0.0004	0.0045
140.625	0.0048	0.0004	0.0045
140.650	0.0048	0.0004	0.0045
140.675	0.0048	0.0004	0.0045
140.700	0.0048	0.0004	0.0045
140.725	0.0048	0.0004	0.0045
140.750	0.0048	0.0004	0.0045
140.775	0.0049	0.0004	0.0045
140.800	0.0049	0.0004	0.0045
140.825	0.0049	0.0004	0.0045
140.850	0.0049	0.0004	0.0045
140.875	0.0049	0.0004	0.0045
140.900	0.0049	0.0004	0.0045
140.925	0.0049	0.0004	0.0045
140.950	0.0049	0.0004	0.0045
140.975	0.0049	0.0004	0.0045
141.000	0.0049	0.0004	0.0045
141.025	0.0049	0.0004	0.0045
141.050	0.0049	0.0004	0.0045
141.075	0.0049	0.0004	0.0045
141.100	0.0049	0.0004	0.0045
141.125	0.0049	0.0004	0.0046
141.150	0.0049	0.0004	0.0046
141.175	0.0049	0.0004	0.0046
141.200	0.0049	0.0004	0.0046
141.225	0.0049	0.0004	0.0046
141.250	0.0049	0.0004	0.0046
141.275	0.0049	0.0004	0.0046
141.300	0.0049	0.0004	0.0046
141.325	0.0049	0.0004	0.0046
141.350	0.0049	0.0004	0.0046
141.375	0.0049	0.0004	0.0046
141.400	0.0049	0.0004	0.0046
141.425	0.0049	0.0004	0.0046
141.450	0.0049	0.0004	0.0046
141.475	0.0049	0.0004	0.0046
141.500	0.0050	0.0004	0.0046
141.525	0.0050	0.0004	0.0046
141.550	0.0050	0.0004	0.0046
141.575	0.0050	0.0004	0.0046
141.600	0.0050	0.0004	0.0046
141.625	0.0050	0.0004	0.0046
141.650	0.0050	0.0004	0.0046
141.675	0.0050	0.0004	0.0046
141.700	0.0050	0.0004	0.0046
141.725	0.0050	0.0004	0.0046
141.750	0.0050	0.0004	0.0046
141.775	0.0050	0.0004	0.0046
141.800	0.0050	0.0004	0.0046
141.825	0.0050	0.0004	0.0046
141.850	0.0050	0.0004	0.0046
141.875	0.0050	0.0004	0.0046
141.900	0.0050	0.0004	0.0046
141.925	0.0050	0.0004	0.0046
141.950	0.0050	0.0004	0.0046
141.975	0.0050	0.0004	0.0046
142.000	0.0050	0.0004	0.0046
142.025	0.0050	0.0004	0.0046
142.050	0.0050	0.0004	0.0046
142.075	0.0050	0.0004	0.0046
142.100	0.0050	0.0004	0.0046
142.125	0.0050	0.0004	0.0046
142.150	0.0050	0.0004	0.0046
142.175	0.0050	0.0004	0.0046
142.200	0.0050	0.0004	0.0046
142.225	0.0050	0.0004	0.0046
142.250	0.0050	0.0004	0.0046
142.275	0.0050	0.0004	0.0046
142.300	0.0050	0.0004	0.0046
142.325	0.0050	0.0004	0.0046
142.350	0.0050	0.0004	0.0046
142.375	0.0050	0.0004	0.0046
142.400	0.0050	0.0004	0.0046
142.425	0.0050	0.0004	0.0046
142.450	0.0050	0.0004	0.0046
142.475	0.0050	0.0004	0.0046
142.500	0.0050	0.0004	0.0046
142.525	0.0050	0.0004	0.0046
142.550	0.0050	0.0004	0.0046
142.575	0.0050	0.0004	0.0046
142.600	0.0050	0.0004	0.0046
142.625	0.0050	0.0004	0.0046
142.650	0.0050	0.0004	0.0046
142.675	0.0050	0.0004	0.0046
142.700	0.0050	0.0004	0.0046
142.725	0.0050	0.0004	0.0046
142.750	0.0050	0.0004	0.0046
142.775	0.0050	0.0004	0.0046
142.800	0.0050	0.0004	0.0046
142.825	0.0050	0.0004	0.0046
142.850	0.0050	0.0004	0.0046
142.875	0.0050	0.0004	0.0046
142.900	0.0050	0.0004	0.0046
142.925	0.0050	0.0004	0.0046
142.950	0.0049	0.0004	0.0046
142.975	0.0049	0.0003	0.0046
143.000	0.0049	0.0003	0.0046
143.025	0.0049	0.0003	0.0046
143.050	0.0049	0.0003	0.0046
143.075	0.0049	0.0003	0.0046
143.100	0.0049	0.0003	0.0046
143.125	0.0049	0.0003	0.0046
143.150	0.0049	0.0003	0.0046
143.175	0.0049	0.0003	0.0046
143.200	0.0049	0.0003	0.0046
143.225	0.0049	0.0003	0.0046
143.250	0.0049	0.0003	0.0046
143.275	0.0049	0.0003	0.0046
143.300	0.0049	0.0003	0.0046
143.325	0.0049	0.0003	0.0046
143.350	0.0049	0.0003	0.0045
143.375	0.0049	0.0003	0.0045
143.400	0.0048	0.0003	0.0045
143.425	0.0048	0.0003	0.0045
143.450	0.0048	0.0003	0.0045
143.475	0.0048	0.0003	0.0045
143.500	0.0047	0.0003	0.0045
143.525	0.0047	0.0003	0.0044
143.550	0.0047	0.0002	0.0044
143.575	0.0046	0.0002	0.0044
143.600	0.0046	0.0002	0.0044
143.625	0.0045	0.0002	0.0043
143.650	0.0045	0.0002	0.0043
143.675	0.0045	0.0002	0.0043
143.700	0.0044	0.0002	0.0043
143.725	0.0044	0.0001	0.0042
143.750	0.0043	0.0001	0.0042
143.775	0.0043	0.0001	0.0042
143.800	0.0042	0.0001	0.0041
143.825	0.0042	0.0001	0.0041
143.850	0.0041	0.0001	0.0041
143.875	0.0041	0.0000	0.0040
143.900	0.0040	0.0000	0.0040
143.925	0.0040	0.0000	0.0040
143.950	0.0039	-0.0000	0.0040
143.975	0.0039	-0.0000	0.0039
144.000	0.0038	-0.0000	0.0039
144.025	0.0038	-0.0001	0.0039
144.050	0.0037	-0.0001	0.0038
144.075	0.0037	-0.0001	0.0038
144.100	0.0036	-0.0001	0.0038
144.125	0.0036	-0.0001	0.0037
144.150	0.0036	-0.0001	0.0037
144.175	0.0035	-0.0002	0.0037
144.200	0.0035	-0.0002	0.0036
144.225	0.0034	-0.0002	0.0036
144.250	0.0034	-0.0002	0.0036
144.275	0.0033	-0.0002	0.0035
144.300	0.0033	-0.0003	0.0035
144.325	0.0032	-0.0003	0.0035
144.350	0.0032	-0.0003	0.0035
144.375	0.0031	-0.0003	0.0034
144.400	0.0031	-0.0003	0.0034
144.425	0.0030	-0.0003	0.0034
144.450	0.0030	-0.0004	0.0033
144.475	0.0029	-0.0004	0.0033
144.500	0.0029	-0.0004	0.0033
144.525	0.0028	-0.0004	0.0032
144.550	0.0028	-0.0004	0.0032
144.575	0.0028	-0.0004	0.0032
144.600	0.0027	-0.0004	0.0032
144.625	0.0027	-0.0005	0.0031
144.650	0.0026	-0.0005	0.0031
144.675	0.0026	-0.0005	0.0031
144.700	0.0025	-0.0005	0.0031
144.725	0.0025	-0.0005	0.0030
144.750	0.0025	-0.0005	0.0030
144.775	0.0024	-0.0006	0.0030
144.800	0.0024	-0.0006	0.0030
144.825	0.0023	-0.0006	0.0029
144.850	0.0023	-0.0006	0.0029
144.875	0.0023	-0.0006	0.0029
144.900	0.0022	-0.0006	0.0029
144.925	0.0022	-0.0006	0.0028
144.950	0.0022	-0.0006	0.0028
144.975	0.0021	-0.0007	0.0028
145.000	0.0021	-0.0007	0.0028
145.025	0.0020	-0.0007	0.0027
145.050	0.0020	-0.0007	0.0027
145.075	0.0020	-0.0007	0.0027
145.100	0.0019	-0.0007	0.0027
145.125	0.0019	-0.0007	0.0026
145.150	0.0019	-0.0007	0.0026
145.175	0.0018	-0.0008	0.0026
145.200	0.0018	-0.0008	0.0026
145.225	0.0018	-0.0008	0.0026
145.250	0.0018	-0.0008	0.0025
145.275	0.0017	-0.0008	0.0025
145.300	0.0017	-0.0008	0.0025
145.325	0.0017	-0.0008	0.0025
145.350	0.0016	-0.0008	0.0025
145.375	0.0016	-0.0008	0.0024
145.400	0.0016	-0.0008	0.0024
145.425	0.0015	-0.0009	0.0024
145.450	0.0015	-0.0009	0.0024
145.475	0.0015	-0.0009	0.0024
145.500	0.0015	-0.0009	0.0024
145.525	0.0014	-0.0009	0.0023
145.550	0.0014	-0.0009	0.0023
145.575	0.0014	-0.0009	0.0023
145.600	0.0014	-0.0009	0.0023
145.625	0.0013	-0.0009	0.0023
145.650	0.0013	-0.0009	0.0023
145.675	0.0013	-0.0009	0.0022
145.700	0.0013	-0.0010	0.0022
145.725	0.0012	-0.0010	0.0022
145.750	0.0012	-0.0010	0.0022
145.775	0.0012	-0.0010	0.0022
145.800	0.0012	-0.0010	0.0022
145.825	0.0012	-0.0010	0.0022
145.850	0.0011	-0.0010	0.0021
145.875	0.0011	-0.0010	0.0021
145.900	0.0011	-0.0010	0.0021
145.925	0.0011	-0.0010	0.0021
145.950	0.0010	-0.0010	0.0021
145.975	0.0010	-0.0010	0.0021
146.000	0.0010	-0.0011	0.0020
146.025	0.0010	-0.0011	0.0020
146.050	0.0009	-0.0011	0.0020
146.075	0.0009	-0.0011	0.0020
146.100	0.0009	-0.0011	0.0020
146.125	0.0008	-0.0011	0.0019
146.150	0.0008	-0.0011	0.0019
146.175	0.0007	-0.0011	0.0019
146.200	0.0007	-0.0012	0.0018
146.225	0.0006	-0.0012	0.0018
146.250	0.0006	-0.0012	0.0018
146.275	0.0005	-0.0012	0.0017
146.300	0.0005	-0.0012	0.0017
146.325	0.0004	-0.0012	0.0017
146.350	0.0004	-0.0013	0.0017
146.375	0.0003	-0.0013	0.0016
146.400	0.0003	-0.0013	0.0016
146.425	0.0002	-0.0013	0.0016
146.450	0.0002	-0.0013	0.0015
146.475	0.0002	-0.0014	0.0015
146.500	0.0001	-0.0014	0.0015
146.525	0.0001	-0.0014	0.0015
146.550	0.0001	-0.0014	0.0015
146.575	0.0000	-0.0014	0.0015
146.600	-0.0000	-0.0014	0.0014
146.625	-0.0000	-0.0015	0.0014
146.650	-0.0000	-0.0015	0.0014
146.675	-0.0001	-0.0015	0.0014
146.700	-0.0001	-0.0015	0.0014
146.725	-0.0001	-0.0015	0.0014
146.750	-0.0001	-0.0015	0.0014
146.775	-0.0001	-0.0015	0.0014
146.800	-0.0001	-0.0015	0.0014
146.825	-0.0002	-0.0016	0.0014
146.850	-0.0002	-0.0016	0.0014
146.875	-0.0002	-0.0016	0.0014
146.900	-0.0002	-0.0016	0.0014
146.925	-0.0002	-0.0016	0.0014
146.950	-0.0002	-0.0016	0.0014
146.975	-0.0002	-0.0016	0.0014
147.000	-0.0002	-0.0016	0.0014
147.025	-0.0002	-0.0016	0.0014
147.050	-0.0002	-0.0016	0.0014
147.075	-0.0002	-0.0016	0.0014
147.100	-0.0002	-0.0016	0.0014
147.125	-0.0002	-0.0016	0.0015
147.150	-0.0002	-0.0017	0.0015
147.175	-0.0002	-0.0017	0.0015
147.200	-0.0002	-0.0017	0.0015
147.225	-0.0002	-0.0017	0.0015
147.250	-0.0002	-0.0017	0.0015
147.275	-0.0002	-0.0017	0.0015
147.300	-0.0002	-0.0017	0.0015
147.325	-0.0002	-0.0017	0.0015
147.350	-0.0002	-0.0017	0.0015
147.375	-0.0002	-0.0017	0.0015
147.400	-0.0001	-0.0017	0.0015
147.425	-0.0001	-0.0017	0.0015
147.450	-0.0001	-0.0017	0.0016
147.475	-0.0001	-0.0017	0.0016
147.500	-0.0001	-0.0017	0.0016
147.525	-0.0001	-0.0017	0.0016
147.550	-0.0001	-0.0017	0.0016
147.575	-0.0001	-0.0017	0.0016
147.600	-0.0001	-0.0017	0.0016
147.625	-0.0001	-0.0017	0.0016
147.650	-0.0001	-0.0017	0.0016
147.675	-0.0001	-0.0017	0.0016
147.700	-0.0001	-0.0017	0.0016
147.725	-0.0001	-0.0017	0.0017
147.750	-0.0000	-0.0017	0.0017
147.775	-0.0000	-0.0017	0.0017
147.800	-0.0000	-0.0017	0.0017
147.825	-0.0000	-0.0017	0.0017
147.850	-0.0000	-0.0017	0.0017
147.875	-0.0000	-0.0017	0.0017
147.900	-0.0000	-0.0017	0.0017
147.925	0.0000	-0.0017	0.0017
147.950	0.0000	-0.0017	0.0017
147.975	0.0000	-0.0017	0.0017
148.000	0.0000	-0.0017	0.0017
148.025	0.0000	-0.0017	0.0017
148.050	0.0000	-0.0017	0.0018
148.075	0.0000	-0.0017	0.0018
148.100	0.0000	-0.0017	0.0018
148.125	0.0000	-0.0017	0.0018
148.150	0.0000	-0.0018	0.0018
148.175	0.0000	-0.0018	0.0018
148.200	0.0000	-0.0018	0.0018
148.225	0.0000	-0.0018	0.0018
148.250	0.0000	-0.0018	0.0018
148.275	0.0000	-0.0018	0.0018
148.300	0.0000	-0.0018	0.0018
148.325	0.0000	-0.0018	0.0018
148.350	0.0000	-0.0018	0.0018
148.375	0.0000	-0.0018	0.0018
148.400	0.0000	-0.0018	0.0019
148.425	0.0000	-0.0018	0.0019
148.450	0.0001	-0.0018	0.0019
148.475	0.0001	-0.0018	0.0019
148.500	0.0001	-0.0018	0.0019
148.525	0.0001	-0.0018	0.0019
148.550	0.0001	-0.0018	0.0019
148.575	0.0001	-0.0019	0.0019
148.600	0.0001	-0.0019	0.0020
148.625	0.0001	-0.0019	0.0020
148.650	0.0001	-0.0019	0.0020
148.675	0.0001	-0.0019	0.0020
148.700	0.0002	-0.0019	0.0020
148.725	0.0002	-0.0019	0.0020
148.750	0.0002	-0.0019	0.0020
148.775	0.0002	-0.0019	0.0021
148.800	0.0002	-0.0019	0.0021
148.825	0.0002	-0.0019	0.0021
148.850	0.0002	-0.0019	0.0021
148.875	0.0002	-0.0019	0.0021
148.900	0.0003	-0.0019	0.0021
148.925	0.0003	-0.0019	0.0022
148.950	0.0003	-0.0019	0.0022
148.975	0.0003	-0.0019	0.0022
149.000	0.0003	-0.0019	0.0022
149.025	0.0003	-0.0019	0.0022
149.050	0.0003	-0.0019	0.0022
149.075	0.0003	-0.0019	0.0022
149.100	0.0004	-0.0019	0.0023
149.125	0.0004	-0.0019	0.0023
149.150	0.0004	-0.0019	0.0023
149.175	0.0004	-0.0019	0.0023
149.200	0.0004	-0.0019	0.0023
149.225	0.0004	-0.0019	0.0023
149.250	0.0004	-0.0019	0.0023
149.275	0.0005	-0.0019	0.0023
149.300	0.0005	-0.0019	0.0024
149.325	0.0005	-0.0019	0.0024
149.350	0.0005	-0.0019	0.0024
149.375	0.0005	-0.0019	0.0024
149.400	0.0005	-0.0019	0.0024
149.425	0.0005	-0.0019	0.0024
149.450	0.0006	-0.0019	0.0024
149.475	0.0006	-0.0019	0.0024
149.500	0.0006	-0.0019	0.0025
149.525	0.0006	-0.0019	0.0025
149.550	0.0006	-0.0019	0.0025
149.575	0.0006	-0.0019	0.0025
149.600	0.0006	-0.0019	0.0025
149.625	0.0006	-0.0019	0.0025
149.650	0.0007	-0.0019	0.0025
149.675	0.0007	-0.0019	0.0025
149.700	0.0007	-0.0019	0.0025
149.725	0.0007	-0.0019	0.0026
149.750	0.0007	-0.0019	0.0026
149.775	0.0007	-0.0018	0.0026
149.800	0.0007	-0.0018	0.0026
149.825	0.0007	-0.0018	0.0026
149.850	0.0008	-0.0018	0.0026
149.875	0.0008	-0.0018	0.0026
149.900	0.0008	-0.0018	0.0026
149.925	0.0008	-0.0018	0.0026
149.950	0.0008	-0.0018	0.0026
149.975	0.0008	-0.0018	0.0027
150.000	0.0008	-0.0018	0.0027
150.025	0.0008	-0.0018	0.0027
150.050	0.0009	-0.0018	0.0027
150.075	0.0009	-0.0018	0.0027
150.100	0.0009	-0.0018	0.0027
150.125	0.0009	-0.0018	0.0027
150.150	0.0009	-0.0018	0.0027
150.175	0.0009	-0.0018	0.0027
150.200	0.0009	-0.0018	0.0027
150.225	0.0009	-0.0018	0.0027
150.250	0.0010	-0.0018	0.0028
150.275	0.0010	-0.0018	0.0028
150.300	0.0010	-0.0018	0.0028
150.325	0.0010	-0.0018	0.0028
150.350	0.0010	-0.0018	0.0028
150.375	0.0010	-0.0018	0.0028
150.400	0.0010	-0.0018	0.0028
150.425	0.0010	-0.0018	0.0028
150.450	0.0010	-0.0018	0.0028
150.475	0.0010	-0.0018	0.0028
150.500	0.0010	-0.0018	0.0028
150.525	0.0010	-0.0018	0.0028
150.550	0.0010	-0.0018	0.0028
150.575	0.0010	-0.0018	0.0028
150.600	0.0010	-0.0018	0.0028
150.625	0.0009	-0.0018	0.0028
150.650	0.0009	-0.0018	0.0027
150.675	0.0009	-0.0018	0.0027
150.700	0.0009	-0.0018	0.0027
150.725	0.0008	-0.0018	0.0027
150.750	0.0008	-0.0019	0.0027
150.775	0.0008	-0.0019	0.0026
150.800	0.0007	-0.0019	0.0026
150.825	0.0007	-0.0019	0.0026
150.850	0.0006	-0.0019	0.0025
150.875	0.0006	-0.0019	0.0025
150.900	0.0005	-0.0020	0.0025
150.925	0.0005	-0.0020	0.0024
150.950	0.0004	-0.0020	0.0024
150.975	0.0003	-0.0020	0.0024
151.000	0.0003	-0.0020	0.0023
151.025	0.0002	-0.0021	0.0023
151.050	0.0001	-0.0021	0.0022
151.075	0.0001	-0.0021	0.0022
151.100	0.0000	-0.0021	0.0022
151.125	-0.0001	-0.0022	0.0021
151.150	-0.0001	-0.0022	0.0021
151.175	-0.0002	-0.0022	0.0020
151.200	-0.0003	-0.0022	0.0020
151.225	-0.0003	-0.0023	0.0019
151.250	-0.0004	-0.0023	0.0019
151.275	-0.0005	-0.0023	0.0018
151.300	-0.0006	-0.0023	0.0018
151.325	-0.0006	-0.0024	0.0017
151.350	-0.0007	-0.0024	0.0017
151.375	-0.0008	-0.0024	0.0016
151.400	-0.0008	-0.0024	0.0016
151.425	-0.0009	-0.0025	0.0016
151.450	-0.0010	-0.0025	0.0015
151.475	-0.0010	-0.0025	0.0015
151.500	-0.0011	-0.0025	0.0014
151.525	-0.0012	-0.0026	0.0014
151.550	-0.0013	-0.0026	0.0013
151.575	-0.0013	-0.0026	0.0013
151.600	-0.0014	-0.0026	0.0012
151.625	-0.0015	-0.0027	0.0012
151.650	-0.0015	-0.0027	0.0012
151.675	-0.0016	-0.0027	0.0011
151.700	-0.0017	-0.0027	0.0011
151.725	-0.0017	-0.0027	0.0010
151.750	-0.0018	-0.0028	0.0010
151.775	-0.0018	-0.0028	0.0009
151.800	-0.0019	-0.0028	0.0009
151.825	-0.0020	-0.0028	0.0009
151.850	-0.0020	-0.0029	0.0008
151.875	-0.0021	-0.0029	0.0008
151.900	-0.0021	-0.0029	0.0007
151.925	-0.0022	-0.0029	0.0007
151.950	-0.0023	-0.0029	0.0007
151.975	-0.0023	-0.0029	0.0006
152.000	-0.0024	-0.0030	0.0006
152.025	-0.0024	-0.0030	0.0006
152.050	-0.0025	-0.0030	0.0005
152.075	-0.0025	-0.0030	0.0005
152.100	-0.0026	-0.0030	0.0005
152.125	-0.0026	-0.0031	0.0004
152.150	-0.0027	-0.0031	0.0004
152.175	-0.0027	-0.0031	0.0004
152.200	-0.0028	-0.0031	0.0003
152.225	-0.0028	-0.0031	0.0003
152.250	-0.0029	-0.0031	0.0003
152.275	-0.0029	-0.0032	0.0002
152.300	-0.0030	-0.0032	0.0002
152.325	-0.0030	-0.0032	0.0002
152.350	-0.0031	-0.0032	0.0001
152.375	-0.0031	-0.0032	0.0001
152.400	-0.0031	-0.0032	0.0001
152.425	-0.0032	-0.0032	0.0001
152.450	-0.0032	-0.0033	0.0000
152.475	-0.0033	-0.0033	0.0000
152.500	-0.0033	-0.0033	-0.0000
152.525	-0.0033	-0.0033	-0.0000
152.550	-0.0034	-0.0033	-0.0001
152.575	-0.0034	-0.0033	-0.0001
152.600	-0.0034	-0.0033	-0.0001
152.625	-0.0035	-0.0033	-0.0001
152.650	-0.0035	-0.0033	-0.0002
152.675	-0.0035	-0.0034	-0.0002
152.700	-0.0036	-0.0034	-0.0002
152.725	-0.0036	-0.0034	-0.0002
152.750	-0.0036	-0.0034	-0.0002
152.775	-0.0037	-0.0034	-0.0003
152.800	-0.0037	-0.0034	-0.0003
152.825	-0.0037	-0.0034	-0.0003
152.850	-0.0037	-0.0034	-0.0003
152.875	-0.0038	-0.0034	-0.0003
152.900	-0.0038	-0.0034	-0.0004
152.925	-0.0038	-0.0034	-0.0004
152.950	-0.0038	-0.0035	-0.0004
152.975	-0.0039	-0.0035	-0.0004
153.000	-0.0039	-0.0035	-0.0004
153.025	-0.0039	-0.0035	-0.0004
153.050	-0.0039	-0.0035	-0.0004
153.075	-0.0039	-0.0035	-0.0005
153.100	-0.0040	-0.0035	-0.0005
153.125	-0.0040	-0.0035	-0.0005
153.150	-0.0040	-0.0035	-0.0005
153.175	-0.0040	-0.0035	-0.0005
153.200	-0.0040	-0.0035	-0.0005
153.225	-0.0041	-0.0035	-0.0005
153.250	-0.0041	-0.0035	-0.0005
153.275	-0.0041	-0.0035	-0.0006
153.300	-0.0041	-0.0035	-0.0006
153.325	-0.0041	-0.0035	-0.0006
153.350	-0.0042	-0.0036	-0.0006
153.375	-0.0042	-0.0036	-0.0006
153.400	-0.0042	-0.0036	-0.0006
153.425	-0.0042	-0.0036	-0.0007
153.450	-0.0043	-0.0036	-0.0007
153.475	-0.0043	-0.0036	-0.0007
153.500	-0.0043	-0.0036	-0.0007
153.525	-0.0044	-0.0036	-0.0008
153.550	-0.0044	-0.0036	-0.0008
153.575	-0.0045	-0.0037	-0.0008
153.600	-0.0045	-0.0037	-0.0008
153.625	-0.0045	-0.0037	-0.0009
153.650	-0.0046	-0.0037	-0.0009
153.675	-0.0046	-0.0037	-0.0009
153.700	-0.0047	-0.0037	-0.0009
153.725	-0.0047	-0.0037	-0.0010
153.750	-0.0047	-0.0037	-0.0010
153.775	-0.0048	-0.0038	-0.0010
153.800	-0.0048	-0.0038	-0.0010
153.825	-0.0049	-0.0038	-0.0011
153.850	-0.0049	-0.0038	-0.0011
153.875	-0.0049	-0.0038	-0.0011
153.900	-0.0050	-0.0038	-0.0012
153.925	-0.0050	-0.0038	-0.0012
153.950	-0.0051	-0.0039	-0.0012
153.975	-0.0051	-0.0039	-0.0012
154.000	-0.0051	-0.0039	-0.0013
154.025	-0.0052	-0.0039	-0.0013
154.050	-0.0052	-0.0039	-0.0013
154.075	-0.0053	-0.0039	-0.0013
154.100	-0.0053	-0.0039	-0.0014
154.125	-0.0053	-0.0039	-0.0014
154.150	-0.0054	-0.0040	-0.0014
154.175	-0.0054	-0.0040	-0.0014
154.200	-0.0054	-0.0040	-0.0015
154.225	-0.0055	-0.0040	-0.0015
154.250	-0.0055	-0.0040	-0.0015
154.275	-0.0056	-0.0040	-0.0015
154.300	-0.0056	-0.0040	-0.0016
154.325	-0.0056	-0.0040	-0.0016
154.350	-0.0057	-0.0041	-0.0016
154.375	-0.0057	-0.0041	-0.0016
154.400	-0.0057	-0.0041	-0.0016
154.425	-0.0057	-0.0041	-0.0017
154.450	-0.0058	-0.0041	-0.0017
154.475	-0.0058	-0.0041	-0.0017
154.500	-0.0058	-0.0041	-0.0017
154.525	-0.0059	-0.0041	-0.0017
154.550	-0.0059	-0.0041	-0.0018
154.575	-0.0059	-0.0041	-0.0018
154.600	-0.0059	-0.0041	-0.0018
154.625	-0.0060	-0.0042	-0.0018
154.650	-0.0060	-0.0042	-0.0018
154.675	-0.0060	-0.0042	-0.0018
154.700	-0.0060	-0.0042	-0.0018
154.725	-0.0060	-0.0042	-0.0019
154.750	-0.0061	-0.0042	-0.0019
154.775	-0.0061	-0.0042	-0.0019
154.800	-0.0061	-0.0042	-0.0019
154.825	-0.0061	-0.0042	-0.0019
154.850	-0.0061	-0.0042	-0.0019
154.875	-0.0061	-0.0042	-0.0019
154.900	-0.0061	-0.0042	-0.0019
154.925	-0.0061	-0.0042	-0.0019
154.950	-0.0061	-0.0042	-0.0019
154.975	-0.0061	-0.0042	-0.0019
155.000	-0.0061	-0.0042	-0.0019
155.025	-0.0061	-0.0042	-0.0019
155.050	-0.0061	-0.0042	-0.0019
155.075	-0.0061	-0.0042	-0.0019
155.100	-0.0061	-0.0042	-0.0018
155.125	-0.0061	-0.0042	-0.0018
155.150	-0.0061	-0.0042	-0.0018
155.175	-0.0060	-0.0042	-0.0018
155.200	-0.0060	-0.0042	-0.0018
155.225	-0.0060	-0.0042	-0.0018
155.250	-0.0060	-0.0042	-0.0018
155.275	-0.0060	-0.0042	-0.0018
155.300	-0.0060	-0.0042	-0.0017
155.325	-0.0060	-0.0042	-0.0017
155.350	-0.0059	-0.0042	-0.0017
155.375	-0.0059	-0.0042	-0.0017
155.400	-0.0059	-0.0042	-0.0017
155.425	-0.0059	-0.0042	-0.0017
155.450	-0.0059	-0.0042	-0.0017
155.475	-0.0058	-0.0042	-0.0016
155.500	-0.0058	-0.0042	-0.0016
155.525	-0.0058	-0.0042	-0.0016
155.550	-0.0058	-0.0042	-0.0016
155.575	-0.0058	-0.0042	-0.0016
155.600	-0.0057	-0.0042	-0.0016
155.625	-0.0057	-0.0042	-0.0015
155.650	-0.0057	-0.0042	-0.0015
155.675	-0.0057	-0.0042	-0.0015
155.700	-0.0056	-0.0042	-0.0015
155.725	-0.0056	-0.0041	-0.0015
155.750	-0.0056	-0.0041	-0.0014
155.775	-0.0056	-0.0041	-0.0014
155.800	-0.0055	-0.0041	-0.0014
155.825	-0.0055	-0.0041	-0.0014
155.850	-0.0055	-0.0041	-0.0014
155.875	-0.0055	-0.0041	-0.0013
155.900	-0.0054	-0.0041	-0.0013
155.925	-0.0054	-0.0041	-0.0013
155.950	-0.0054	-0.0041	-0.0013
155.975	-0.0054	-0.0041	-0.0013
156.000	-0.0053	-0.0041	-0.0013
156.025	-0.0053	-0.0041	-0.0012
156.050	-0.0053	-0.0041	-0.0012
156.075	-0.0053	-0.0041	-0.0012
156.100	-0.0053	-0.0041	-0.0012
156.125	-0.0053	-0.0041	-0.0012
156.150	-0.0053	-0.0041	-0.0012
156.175	-0.0053	-0.0041	-0.0012
156.200	-0.0053	-0.0041	-0.0012
156.225	-0.0053	-0.0041	-0.0012
156.250	-0.0053	-0.0041	-0.0012
156.275	-0.0053	-0.0041	-0.0012
156.300	-0.0053	-0.0041	-0.0012
156.325	-0.0053	-0.0041	-0.0012
156.350	-0.0053	-0.0041	-0.0012
156.375	-0.0053	-0.0041	-0.0012
156.400	-0.0053	-0.0041	-0.0012
156.425	-0.0053	-0.0041	-0.0012
156.450	-0.0053	-0.0041	-0.0012
156.475	-0.0053	-0.0041	-0.0012
156.500	-0.0053	-0.0041	-0.0012
156.525	-0.0053	-0.0041	-0.0012
156.550	-0.0052	-0.0041	-0.0011
156.575	-0.0052	-0.0041	-0.0011
156.600	-0.0052	-0.0041	-0.0011
156.625	-0.0052	-0.0041	-0.0011
156.650	-0.0052	-0.0041	-0.0011
156.675	-0.0051	-0.0041	-0.0010
156.700	-0.0051	-0.0041	-0.0010
156.725	-0.0051	-0.0041	-0.0010
156.750	-0.0051	-0.0041	-0.0010
156.775	-0.0050	-0.0041	-0.0009
156.800	-0.0050	-0.0041	-0.0009
156.825	-0.0050	-0.0041	-0.0009
156.850	-0.0049	-0.0041	-0.0009
156.875	-0.0049	-0.0041	-0.0008
156.900	-0.0049	-0.0041	-0.0008
156.925	-0.0048	-0.0041	-0.0008
156.950	-0.0048	-0.0041	-0.0007
156.975	-0.0048	-0.0041	-0.0007
157.000	-0.0047	-0.0041	-0.0007
157.025	-0.0047	-0.0041	-0.0006
157.050	-0.0047	-0.0040	-0.0006
157.075	-0.0046	-0.0040	-0.0006
157.100	-0.0046	-0.0040	-0.0005
157.125	-0.0045	-0.0040	-0.0005
157.150	-0.0045	-0.0040	-0.0005
157.175	-0.0045	-0.0040	-0.0004
157.200	-0.0044	-0.0040	-0.0004
157.225	-0.0044	-0.0040	-0.0004
157.250	-0.0043	-0.0040	-0.0004
157.275	-0.0043	-0.0040	-0.0003
157.300	-0.0043	-0.0040	-0.0003
157.325	-0.0042	-0.0040	-0.0003
157.350	-0.0042	-0.0040	-0.0002
157.375	-0.0041	-0.0039	-0.0002
157.400	-0.0041	-0.0039	-0.0002
157.425	-0.0040	-0.0039	-0.0001
157.450	-0.0040	-0.0039	-0.0001
157.475	-0.0040	-0.0039	-0.0001
157.500	-0.0039	-0.0039	-0.0000
157.525	-0.0039	-0.0039	0.0000
157.550	-0.0038	-0.0039	0.0000
157.575	-0.0038	-0.0039	0.0001
157.600	-0.0038	-0.0039	0.0001
157.625	-0.0037	-0.0038	0.0001
157.650	-0.0037	-0.0038	0.0002
157.675	-0.0037	-0.0038	0.0002
157.700	-0.0036	-0.0038	0.0002
157.725	-0.0036	-0.0038	0.0002
157.750	-0.0036	-0.0038	0.0002
157.775	-0.0035	-0.0038	0.0003
157.800	-0.0035	-0.0038	0.0003
157.825	-0.0035	-0.0038	0.0003
157.850	-0.0035	-0.0038	0.0003
157.875	-0.0035	-0.0038	0.0003
157.900	-0.0034	-0.0038	0.0003
157.925	-0.0034	-0.0038	0.0004
157.950	-0.0034	-0.0038	0.0004
157.975	-0.0034	-0.0038	0.0004
158.000	-0.0034	-0.0038	0.0004
158.025	-0.0034	-0.0038	0.0004
158.050	-0.0033	-0.0038	0.0004
158.075	-0.0033	-0.0038	0.0005
158.100	-0.0033	-0.0038	0.0005
158.125	-0.0033	-0.0038	0.0005
158.150	-0.0033	-0.0038	0.0005
158.175	-0.0033	-0.0038	0.0005
158.200	-0.0032	-0.0038	0.0005
158.225	-0.0032	-0.0038	0.0006
158.250	-0.0032	-0.0038	0.0006
158.275	-0.0032	-0.0038	0.0006
158.300	-0.0032	-0.0038	0.0006
158.325	-0.0032	-0.0038	0.0006
158.350	-0.0031	-0.0038	0.0006
158.375	-0.0031	-0.0038	0.0007
158.400	-0.0031	-0.0038	0.0007
158.425	-0.0031	-0.0038	0.0007
158.450	-0.0031	-0.0038	0.0007
158.475	-0.0030	-0.0038	0.0007
158.500	-0.0030	-0.0038	0.0007
158.525	-0.0030	-0.0038	0.0008
158.550	-0.0030	-0.0038	0.0008
158.575	-0.0030	-0.0038	0.0008
158.600	-0.0029	-0.0038	0.0008
158.625	-0.0029	-0.0037	0.0008
158.650	-0.0029	-0.0037	0.0008
158.675	-0.0029	-0.0037	0.0009
158.700	-0.0029	-0.0037	0.0009
158.725	-0.0029	-0.0037	0.0009
158.750	-0.0028	-0.0037	0.0009
158.775	-0.0028	-0.0037	0.0009
158.800	-0.0028	-0.0037	0.0009
158.825	-0.0028	-0.0037	0.0009
158.850	-0.0028	-0.0037	0.0010
158.875	-0.0027	-0.0037	0.0010
158.900	-0.0027	-0.0037	0.0010
158.925	-0.0027	-0.0037	0.0010
158.950	-0.0027	-0.0037	0.0010
158.975	-0.0027	-0.0037	0.0010
159.000	-0.0026	-0.0037	0.0011
159.025	-0.0026	-0.0037	0.0011
159.050	-0.0026	-0.0037	0.0011
159.075	-0.0026	-0.0037	0.0011
159.100	-0.0026	-0.0037	0.0011
159.125	-0.0025	-0.0037	0.0011
159.150	-0.0025	-0.0037	0.0012
159.175	-0.0025	-0.0037	0.0012
159.200	-0.0025	-0.0037	0.0012
159.225	-0.0025	-0.0037	0.0012
159.250	-0.0024	-0.0036	0.0012
159.275	-0.0024	-0.0036	0.0012
159.300	-0.0024	-0.0036	0.0012
159.325	-0.0024	-0.0036	0.0013
159.350	-0.0024	-0.0036	0.0013
159.375	-0.0023	-0.0036	0.0013
159.400	-0.0023	-0.0036	0.0013
159.425	-0.0023	-0.0036	0.0013
159.450	-0.0023	-0.0036	0.0013
159.475	-0.0023	-0.0036	0.0013
159.500	-0.0022	-0.0036	0.0014
159.525	-0.0022	-0.0036	0.0014
159.550	-0.0022	-0.0036	0.0014
159.575	-0.0022	-0.0036	0.0014
159.600	-0.0022	-0.0036	0.0014
159.625	-0.0022	-0.0036	0.0014
159.650	-0.0022	-0.0036	0.0014
159.675	-0.0022	-0.0036	0.0014
159.700	-0.0022	-0.0036	0.0014
159.725	-0.0022	-0.0036	0.0014
159.750	-0.0022	-0.0036	0.0014
159.775	-0.0022	-0.0036	0.0014
159.800	-0.0022	-0.0036	0.0014
159.825	-0.0022	-0.0036	0.0014
159.850	-0.0022	-0.0036	0.0014
159.875	-0.0022	-0.0036	0.0014
159.900	-0.0022	-0.0036	0.0014
159.925	-0.0022	-0.0036	0.0014
159.950	-0.0022	-0.0036	0.0014
159.975	-0.0023	-0.0036	0.0014
160.000	-0.0023	-0.0036	0.0013
160.025	-0.0023	-0.0036	0.0013
160.050	-0.0023	-0.0036	0.0013
160.075	-0.0023	-0.0036	0.0013
160.100	-0.0023	-0.0036	0.0013
160.125	-0.0024	-0.0036	0.0013
160.150	-0.0024	-0.0037	0.0013
160.175	-0.0024	-0.0037	0.0013
160.200	-0.0024	-0.0037	0.0013
160.225	-0.0024	-0.0037	0.0012
160.250	-0.0024	-0.0037	0.0012
160.275	-0.0025	-0.0037	0.0012
160.300	-0.0025	-0.0037	0.0012
160.325	-0.0025	-0.0037	0.0012
160.350	-0.0025	-0.0037	0.0012
160.375	-0.0025	-0.0037	0.0012
160.400	-0.0026	-0.0037	0.0012
160.425	-0.0026	-0.0037	0.0011
160.450	-0.0026	-0.0037	0.0011
160.475	-0.0027	-0.0037	0.0011
160.500	-0.0027	-0.0038	0.0011
160.525	-0.0027	-0.0038	0.0011
160.550	-0.0028	-0.0038	0.0010
160.575	-0.0028	-0.0038	0.0010
160.600	-0.0028	-0.0038	0.0010
160.625	-0.0029	-0.0038	0.0009
160.650	-0.0029	-0.0038	0.0009
160.675	-0.0030	-0.0039	0.0009
160.700	-0.0030	-0.0039	0.0009
160.725	-0.0031	-0.0039	0.0008
160.750	-0.0031	-0.0039	0.0008
160.775	-0.0032	-0.0039	0.0007
160.800	-0.0033	-0.0039	0.0007
160.825	-0.0033	-0.0040	0.0006
160.850	-0.0034	-0.0040	0.0006
160.875	-0.0035	-0.0040	0.0006
160.900	-0.0035	-0.0040	0.0005
160.925	-0.0036	-0.0041	0.0005
160.950	-0.0037	-0.0041	0.0004
160.975	-0.0037	-0.0041	0.0004
161.000	-0.0038	-0.0041	0.0003
161.025	-0.0039	-0.0042	0.0003
161.050	-0.0040	-0.0042	0.0002
161.075	-0.0041	-0.0042	0.0001
161.100	-0.0041	-0.0042	0.0001
161.125	-0.0042	-0.0043	0.0000
161.150	-0.0043	-0.0043	-0.0000
161.175	-0.0044	-0.0043	-0.0001
161.200	-0.0045	-0.0043	-0.0001
161.225	-0.0045	-0.0044	-0.0002
161.250	-0.0046	-0.0044	-0.0002
161.275	-0.0047	-0.0044	-0.0003
161.300	-0.0048	-0.0044	-0.0003
161.325	-0.0049	-0.0045	-0.0004
161.350	-0.0049	-0.0045	-0.0005
161.375	-0.0050	-0.0045	-0.0005
161.400	-0.0051	-0.0045	-0.0006
161.425	-0.0052	-0.0046	-0.0006
161.450	-0.0053	-0.0046	-0.0007
161.475	-0.0053	-0.0046	-0.0007
161.500	-0.0054	-0.0046	-0.0008
161.525	-0.0055	-0.0047	-0.0008
161.550	-0.0056	-0.0047	-0.0009
161.575	-0.0056	-0.0047	-0.0009
161.600	-0.0057	-0.0047	-0.0010
161.625	-0.0058	-0.0047	-0.0010
161.650	-0.0058	-0.0048	-0.0011
161.675	-0.0059	-0.0048	-0.0011
161.700	-0.0060	-0.0048	-0.0012
161.725	-0.0060	-0.0048	-0.0012
161.750	-0.0061	-0.0049	-0.0013
161.775	-0.0062	-0.0049	-0.0013
161.800	-0.0062	-0.0049	-0.0014
161.825	-0.0063	-0.0049	-0.0014
161.850	-0.0064	-0.0049	-0.0014
161.875	-0.0064	-0.0049	-0.0015
161.900	-0.0065	-0.0050	-0.0015
161.925	-0.0065	-0.0050	-0.0016
161.950	-0.0066	-0.0050	-0.0016
161.975	-0.0067	-0.0050	-0.0016
162.000	-0.0067	-0.0050	-0.0017
162.025	-0.0068	-0.0051	-0.0017
162.050	-0.0068	-0.0051	-0.0018
162.075	-0.0069	-0.0051	-0.0018
162.100	-0.0069	-0.0051	-0.0018
162.125	-0.0070	-0.0051	-0.0019
162.150	-0.0070	-0.0051	-0.0019
162.175	-0.0071	-0.0051	-0.0019
162.200	-0.0071	-0.0052	-0.0020
162.225	-0.0072	-0.0052	-0.0020
162.250	-0.0072	-0.0052	-0.0020
162.275	-0.0072	-0.0052	-0.0021
162.300	-0.0073	-0.0052	-0.0021
162.325	-0.0073	-0.0052	-0.0021
162.350	-0.0074	-0.0052	-0.0021
162.375	-0.0074	-0.0052	-0.0022
162.400	-0.0074	-0.0052	-0.0022
162.425	-0.0075	-0.0053	-0.0022
162.450	-0.0075	-0.0053	-0.0022
162.475	-0.0076	-0.0053	-0.0023
162.500	-0.0076	-0.0053	-0.0023
162.525	-0.0076	-0.0053	-0.0023
162.550	-0.0077	-0.0053	-0.0023
162.575	-0.0077	-0.0053	-0.0024
162.600	-0.0077	-0.0053	-0.0024
162.625	-0.0077	-0.0053	-0.0024
162.650	-0.0078	-0.0053	-0.0024
162.675	-0.0078	-0.0053	-0.0024
162.700	-0.0078	-0.0054	-0.0025
162.725	-0.0078	-0.0054	-0.0025
162.750	-0.0079	-0.0054	-0.0025
162.775	-0.0079	-0.0054	-0.0025
162.800	-0.0079	-0.0054	-0.0025
162.825	-0.0079	-0.0054	-0.0026
162.850	-0.0080	-0.0054	-0.0026
162.875	-0.0080	-0.0054	-0.0026
162.900	-0.0080	-0.0054	-0.0026
162.925	-0.0080	-0.0054	-0.0026
162.950	-0.0080	-0.0054	-0.0026
162.975	-0.0080	-0.0054	-0.0026
163.000	-0.0081	-0.0054	-0.0026
163.025	-0.0081	-0.0054	-0.0027
163.050	-0.0081	-0.0054	-0.0027
163.075	-0.0081	-0.0054	-0.0027
163.100	-0.0081	-0.0054	-0.0027
163.125	-0.0081	-0.0054	-0.0027
163.150	-0.0081	-0.0054	-0.0027
163.175	-0.0081	-0.0054	-0.0027
163.200	-0.0081	-0.0054	-0.0027
163.225	-0.0081	-0.0054	-0.0027
163.250	-0.0082	-0.0054	-0.0027
163.275	-0.0082	-0.0054	-0.0027
163.300	-0.0082	-0.0054	-0.0027
163.325	-0.0082	-0.0054	-0.0027
163.350	-0.0082	-0.0054	-0.0027
163.375	-0.0082	-0.0054	-0.0027
163.400	-0.0082	-0.0054	-0.0027
163.425	-0.0082	-0.0054	-0.0027
163.450	-0.0082	-0.0054	-0.0028
163.475	-0.0082	-0.0054	-0.0028
163.500	-0.0082	-0.0054	-0.0028
163.525	-0.0082	-0.0054	-0.0028
163.550	-0.0082	-0.0054	-0.0028
163.575	-0.0082	-0.0054	-0.0027
163.600	-0.0082	-0.0054	-0.0027
163.625	-0.0082	-0.0054	-0.0027
163.650	-0.0082	-0.0054	-0.0027
163.675	-0.0082	-0.0054	-0.0027
163.700	-0.0081	-0.0054	-0.0027
163.725	-0.0081	-0.0054	-0.0027
163.750	-0.0081	-0.0054	-0.0027
163.775	-0.0081	-0.0054	-0.0027
163.800	-0.0081	-0.0054	-0.0027
163.825	-0.0081	-0.0054	-0.0027
163.850	-0.0081	-0.0054	-0.0027
163.875	-0.0081	-0.0054	-0.0027
163.900	-0.0081	-0.0054	-0.0027
163.925	-0.0081	-0.0054	-0.0027
163.950	-0.0081	-0.0054	-0.0027
163.975	-0.0080	-0.0054	-0.0027
164.000	-0.0080	-0.0054	-0.0027
164.025	-0.0080	-0.0054	-0.0027
164.050	-0.0080	-0.0054	-0.0026
164.075	-0.0080	-0.0054	-0.0026
164.100	-0.0080	-0.0053	-0.0026
164.125	-0.0080	-0.0053	-0.0026
164.150	-0.0079	-0.0053	-0.0026
164.175	-0.0079	-0.0053	-0.0026
164.200	-0.0079	-0.0053	-0.0026
164.225	-0.0079	-0.0053	-0.0026
164.250	-0.0079	-0.0053	-0.0026
164.275	-0.0079	-0.0053	-0.0026
164.300	-0.0078	-0.0053	-0.0025
164.325	-0.0078	-0.0053	-0.0025
164.350	-0.0078	-0.0053	-0.0025
164.375	-0.0078	-0.0053	-0.0025
164.400	-0.0078	-0.0053	-0.0025
164.425	-0.0077	-0.0053	-0.0025
164.450	-0.0077	-0.0053	-0.0025
164.475	-0.0077	-0.0053	-0.0024
164.500	-0.0077	-0.0053	-0.0024
164.525	-0.0077	-0.0052	-0.0024
164.550	-0.0076	-0.0052	-0.0024
164.575	-0.0076	-0.0052	-0.0024
164.600	-0.0076	-0.0052	-0.0024
164.625	-0.0076	-0.0052	-0.0023
164.650	-0.0075	-0.0052	-0.0023
164.675	-0.0075	-0.0052	-0.0023
164.700	-0.0075	-0.0052	-0.0023
164.725	-0.0075	-0.0052	-0.0023
164.750	-0.0074	-0.0052	-0.0023
164.775	-0.0074	-0.0052	-0.0022
164.800	-0.0074	-0.0052	-0.0022
164.825	-0.0073	-0.0051	-0.0022
164.850	-0.0073	-0.0051	-0.0022
164.875	-0.0073	-0.0051	-0.0021
164.900	-0.0072	-0.0051	-0.0021
164.925	-0.0072	-0.0051	-0.0021
164.950	-0.0071	-0.0051	-0.0020
164.975	-0.0071	-0.0051	-0.0020
165.000	-0.0070	-0.0051	-0.0019
165.025	-0.0070	-0.0051	-0.0019
165.050	-0.0069	-0.0051	-0.0018
165.075	-0.0068	-0.0050	-0.0018
165.100	-0.0068	-0.0050	-0.0018
165.125	-0.0067	-0.0050	-0.0017
165.150	-0.0067	-0.0050	-0.0017
165.175	-0.0066	-0.0050	-0.0016
165.200	-0.0065	-0.0050	-0.0016
165.225	-0.0065	-0.0050	-0.0015
165.250	-0.0064	-0.0049	-0.0015
165.275	-0.0063	-0.0049	-0.0014
165.300	-0.0063	-0.0049	-0.0014
165.325	-0.0062	-0.0049	-0.0013
165.350	-0.0062	-0.0049	-0.0013
165.375	-0.0061	-0.0049	-0.0012
165.400	-0.0061	-0.0049	-0.0012
165.425	-0.0060	-0.0049	-0.0012
165.450	-0.0060	-0.0049	-0.0011
165.475	-0.0059	-0.0048	-0.0011
165.500	-0.0059	-0.0048	-0.0010
165.525	-0.0058	-0.0048	-0.0010
165.550	-0.0058	-0.0048	-0.0010
165.575	-0.0057	-0.0048	-0.0009
165.600	-0.0057	-0.0048	-0.0009
165.625	-0.0057	-0.0048	-0.0009
165.650	-0.0056	-0.0048	-0.0008
165.675	-0.0056	-0.0048	-0.0008
165.700	-0.0055	-0.0048	-0.0008
165.725	-0.0055	-0.0048	-0.0007
165.750	-0.0054	-0.0048	-0.0007
165.775	-0.0054	-0.0047	-0.0007
165.800	-0.0054	-0.0047	-0.0006
165.825	-0.0053	-0.0047	-0.0006
165.850	-0.0053	-0.0047	-0.0006
165.875	-0.0053	-0.0047	-0.0005
165.900	-0.0052	-0.0047	-0.0005
165.925	-0.0052	-0.0047	-0.0005
165.950	-0.0051	-0.0047	-0.0005
165.975	-0.0051	-0.0047	-0.0004
166.000	-0.0051	-0.0047	-0.0004
166.025	-0.0050	-0.0047	-0.0004
166.050	-0.0050	-0.0047	-0.0003
166.075	-0.0050	-0.0047	-0.0003
166.100	-0.0049	-0.0046	-0.0003
166.125	-0.0049	-0.0046	-0.0003
166.150	-0.0049	-0.0046	-0.0002
166.175	-0.0048	-0.0046	-0.0002
166.200	-0.0048	-0.0046	-0.0002
166.225	-0.0048	-0.0046	-0.0002
166.250	-0.0047	-0.0046	-0.0001
166.275	-0.0047	-0.0046	-0.0001
166.300	-0.0047	-0.0046	-0.0001
166.325	-0.0046	-0.0046	-0.0000
166.350	-0.0046	-0.0046	-0.0000
166.375	-0.0046	-0.0046	0.0000
166.400	-0.0045	-0.0046	0.0000
166.425	-0.0045	-0.0045	0.0001
166.450	-0.0045	-0.0045	0.0001
166.475	-0.0044	-0.0045	0.0001
166.500	-0.0044	-0.0045	0.0001
166.525	-0.0044	-0.0045	0.0002
166.550	-0.0043	-0.0045	0.0002
166.575	-0.0043	-0.0045	0.0002
166.600	-0.0043	-0.0045	0.0002
166.625	-0.0042	-0.0045	0.0002
166.650	-0.0042	-0.0045	0.0003
166.675	-0.0042	-0.0045	0.0003
166.700	-0.0041	-0.0045	0.0003
166.725	-0.0041	-0.0044	0.0003
166.750	-0.0041	-0.0044	0.0004
166.775	-0.0040	-0.0044	0.0004
166.800	-0.0040	-0.0044	0.0004
166.825	-0.0040	-0.0044	0.0004
166.850	-0.0039	-0.0044	0.0005
166.875	-0.0039	-0.0044	0.0005
166.900	-0.0039	-0.0044	0.0005
166.925	-0.0038	-0.0044	0.0005
166.950	-0.0038	-0.0044	0.0006
166.975	-0.0038	-0.0044	0.0006
167.000	-0.0038	-0.0044	0.0006
167.025	-0.0037	-0.0043	0.0006
167.050	-0.0037	-0.0043	0.0006
167.075	-0.0037	-0.0043	0.0007
167.100	-0.0036	-0.0043	0.0007
167.125	-0.0036	-0.0043	0.0007
167.150	-0.0036	-0.0043	0.0007
167.175	-0.0035	-0.0043	0.0008
167.200	-0.0035	-0.0043	0.0008
167.225	-0.0035	-0.0043	0.0008
167.250	-0.0034	-0.0043	0.0008
167.275	-0.0034	-0.0043	0.0008
167.300	-0.0034	-0.0042	0.0009
167.325	-0.0033	-0.0042	0.0009
167.350	-0.0033	-0.0042	0.0009
167.375	-0.0033	-0.0042	0.0009
167.400	-0.0032	-0.0042	0.0010
167.425	-0.0032	-0.0042	0.0010
167.450	-0.0032	-0.0042	0.0010
167.475	-0.0032	-0.0042	0.0010
167.500	-0.0031	-0.0042	0.0011
167.525	-0.0031	-0.0042	0.0011
167.550	-0.0031	-0.0042	0.0011
167.575	-0.0030	-0.0041	0.0011
167.600	-0.0030	-0.0041	0.0011
167.625	-0.0030	-0.0041	0.0012
167.650	-0.0029	-0.0041	0.0012
167.675	-0.0029	-0.0041	0.0012
167.700	-0.0029	-0.0041	0.0012
167.725	-0.0029	-0.0041	0.0012
167.750	-0.0029	-0.0041	0.0012
167.775	-0.0028	-0.0041	0.0013
167.800	-0.0028	-0.0041	0.0013
167.825	-0.0028	-0.0041	0.0013
167.850	-0.0028	-0.0041	0.0013
167.875	-0.0028	-0.0041	0.0013
167.900	-0.0028	-0.0041	0.0013
167.925	-0.0028	-0.0041	0.0013
167.950	-0.0028	-0.0041	0.0013
167.975	-0.0028	-0.0041	0.0013
168.000	-0.0028	-0.0041	0.0013
168.025	-0.0028	-0.0041	0.0013
168.050	-0.0028	-0.0041	0.0013
168.075	-0.0028	-0.0041	0.0013
168.100	-0.0028	-0.0041	0.0013
168.125	-0.0028	-0.0041	0.0013
168.150	-0.0028	-0.0041	0.0013
168.175	-0.0028	-0.0041	0.0013
168.200	-0.0028	-0.0041	0.0013
168.225	-0.0028	-0.0041	0.0013
168.250	-0.0028	-0.0041	0.0013
168.275	-0.0028	-0.0041	0.0013
168.300	-0.0028	-0.0041	0.0013
168.325	-0.0029	-0.0041	0.0013
168.350	-0.0029	-0.0041	0.0012
168.375	-0.0029	-0.0041	0.0012
168.400	-0.0029	-0.0041	0.0012
168.425	-0.0029	-0.0041	0.0012
168.450	-0.0029	-0.0041	0.0012
168.475	-0.0029	-0.0041	0.0012
168.500	-0.0029	-0.0041	0.0012
168.525	-0.0029	-0.0041	0.0012
168.550	-0.0029	-0.0041	0.0012
168.575	-0.0029	-0.0041	0.0012
168.600	-0.0029	-0.0041	0.0012
168.625	-0.0030	-0.0041	0.0012
168.650	-0.0030	-0.0041	0.0012
168.675	-0.0030	-0.0041	0.0012
168.700	-0.0030	-0.0042	0.0012
168.725	-0.0030	-0.0042	0.0012
168.750	-0.0030	-0.0042	0.0012
168.775	-0.0030	-0.0042	0.0012
168.800	-0.0030	-0.0042	0.0012
168.825	-0.0030	-0.0042	0.0012
168.850	-0.0030	-0.0042	0.0012
168.875	-0.0030	-0.0042	0.0011
168.900	-0.0030	-0.0042	0.0011
168.925	-0.0030	-0.0042	0.0011
168.950	-0.0030	-0.0042	0.0011
168.975	-0.0030	-0.0042	0.0011
169.000	-0.0030	-0.0042	0.0011
169.025	-0.0030	-0.0042	0.0011
169.050	-0.0030	-0.0042	0.0011
169.075	-0.0030	-0.0042	0.0011
169.100	-0.0030	-0.0042	0.0011
169.125	-0.0031	-0.0042	0.0011
169.150	-0.0031	-0.0042	0.0011
169.175	-0.0031	-0.0042	0.0011
169.200	-0.0031	-0.0042	0.0011
169.225	-0.0031	-0.0042	0.0011
169.250	-0.0031	-0.0042	0.0011
169.275	-0.0031	-0.0042	0.0011
169.300	-0.0031	-0.0042	0.0011
169.325	-0.0031	-0.0042	0.0011
169.350	-0.0030	-0.0042	0.0011
169.375	-0.0030	-0.0042	0.0011
169.400	-0.0030	-0.0042	0.0011
169.425	-0.0030	-0.0042	0.0011
169.450	-0.0030	-0.0042	0.0011
169.475	-0.0030	-0.0042	0.0011
169.500	-0.0030	-0.0042	0.0011
169.525	-0.0030	-0.0042	0.0011
169.550	-0.0030	-0.0042	0.0011
169.575	-0.0030	-0.0042	0.0011
169.600	-0.0031	-0.0042	0.0011
169.625	-0.0031	-0.0042	0.0011
169.650	-0.0031	-0.0042	0.0011
169.675	-0.0031	-0.0042	0.0011
169.700	-0.0031	-0.0042	0.0011
169.725	-0.0031	-0.0042	0.0011
169.750	-0.0031	-0.0042	0.0011
169.775	-0.0031	-0.0042	0.0011
169.800	-0.0032	-0.0042	0.0010
169.825	-0.0032	-0.0042	0.0010
169.850	-0.0032	-0.0042	0.0010
169.875	-0.0032	-0.0042	0.0010
169.900	-0.0033	-0.0042	0.0010
169.925	-0.0033	-0.0043	0.0010
169.950	-0.0033	-0.0043	0.0010
169.975	-0.0033	-0.0043	0.0009
170.000	-0.0034	-0.0043	0.0009
